{
"frames": {
	"audio00.png": {
		"frame": {"x":0, "y":879, "w":61, "h":59},
		"spriteSourceSize": {"x":565,"y":50,"w":974,"h":524},
		"sourceSize": {"w":974,"h":524}
	},
	"audio01.png": {
		"frame": {"x":0, "y":879, "w":61, "h":59},
		"spriteSourceSize": {"x":463,"y":50,"w":974,"h":524},
		"sourceSize": {"w":974,"h":524}
	},
	"balao00.png": {
		"frame": {"x":0, "y":0, "w":377, "h":124},
		"spriteSourceSize": {"x":256,"y":40,"w":974,"h":524},
		"sourceSize": {"w":974,"h":524}
	},
	"balaoE01.png": {
		"frame": {"x":0, "y":411, "w":276, "h":133},
		"spriteSourceSize": {"x":256,"y":38,"w":974,"h":524},
		"sourceSize": {"w":974,"h":524}
	},
	"boca00.png": {
		"frame": {"x":0, "y":939, "w":30, "h":28},
		"spriteSourceSize": {"x":148,"y":135,"w":974,"h":524},
		"sourceSize": {"w":974,"h":524}
	},
	"click00.png": {
		"frame": {"x":0, "y":818, "w":61, "h":60},
		"spriteSourceSize": {"x":547,"y":276,"w":974,"h":524},
		"sourceSize": {"w":974,"h":524}
	},
	"feedI_00.png": {
		"frame": {"x":0, "y":545, "w":209, "h":272},
		"spriteSourceSize": {"x":626,"y":180,"w":974,"h":524},
		"sourceSize": {"w":974,"h":524}
	},
	"feedO_00.png": {
		"frame": {"x":210, "y":545, "w":209, "h":272},
		"spriteSourceSize": {"x":315,"y":180,"w":974,"h":524},
		"sourceSize": {"w":974,"h":524}
	},
	"img00.png": {
		"frame": {"x":0, "y":125, "w":277, "h":285},
		"spriteSourceSize": {"x":15,"y":11,"w":974,"h":524},
		"sourceSize": {"w":974,"h":524}
	}

},
"meta": {
	"image": "sprites.png",
	"size": {"w": 512, "h": 1024},
	"scale": "1"
}
}