{
"frames": {
	"audio00.png": {
		"frame": {"x":0, "y":881, "w":61, "h":59},
		"spriteSourceSize": {"x":672,"y":85,"w":974,"h":524},
		"sourceSize": {"w":974,"h":524}
	},
	"balao00.png": {
		"frame": {"x":0, "y":0, "w":353, "h":181},
		"spriteSourceSize": {"x":387,"y":50,"w":974,"h":524},
		"sourceSize": {"w":974,"h":524}
	},
	"balao01.png": {
		"frame": {"x":252, "y":548, "w":159, "h":144},
		"spriteSourceSize": {"x":174,"y":64,"w":974,"h":524},
		"sourceSize": {"w":974,"h":524}
	},
	"balao02.png": {
		"frame": {"x":0, "y":548, "w":251, "h":148},
		"spriteSourceSize": {"x":425,"y":82,"w":974,"h":524},
		"sourceSize": {"w":974,"h":524}
	},
	"balao03.png": {
		"frame": {"x":0, "y":182, "w":291, "h":179},
		"spriteSourceSize": {"x":392,"y":65,"w":974,"h":524},
		"sourceSize": {"w":974,"h":524}
	},
	"balao04.png": {
		"frame": {"x":0, "y":362, "w":281, "h":185},
		"spriteSourceSize": {"x":164,"y":32,"w":974,"h":521},
		"sourceSize": {"w":974,"h":521}
	},
	"balao05.png": {
		"frame": {"x":0, "y":697, "w":235, "h":183},
		"spriteSourceSize": {"x":443,"y":64,"w":974,"h":524},
		"sourceSize": {"w":974,"h":524}
	},
	"boca00.png": {
		"frame": {"x":0, "y":941, "w":20, "h":19},
		"spriteSourceSize": {"x":297,"y":220,"w":974,"h":524},
		"sourceSize": {"w":974,"h":524}
	},
	"boca01.png": {
		"frame": {"x":0, "y":941, "w":20, "h":19},
		"spriteSourceSize": {"x":726,"y":218,"w":974,"h":524},
		"sourceSize": {"w":974,"h":524}
	},
	"img00.png": {
		"frame": {"x":236, "y":697, "w":183, "h":282},
		"spriteSourceSize": {"x":640,"y":171,"w":970,"h":524},
		"sourceSize": {"w":970,"h":524}
	},
	"img01.png": {
		"frame": {"x":292, "y":182, "w":157, "h":332},
		"spriteSourceSize": {"x":226,"y":153,"w":974,"h":524},
		"sourceSize": {"w":974,"h":524}
	}

},
"meta": {
	"image": "sprites.png",
	"size": {"w": 512, "h": 1024},
	"scale": "1"
}
}