{
"frames": {
	"audio00.png": {
		"frame": {"x":0, "y":954, "w":61, "h":59},
		"spriteSourceSize": {"x":659,"y":55,"w":974,"h":524},
		"sourceSize": {"w":974,"h":524}
	},
	"balao00.png": {
		"frame": {"x":0, "y":0, "w":262, "h":107},
		"spriteSourceSize": {"x":509,"y":36,"w":974,"h":524},
		"sourceSize": {"w":974,"h":524}
	},
	"balao01.png": {
		"frame": {"x":347, "y":868, "w":146, "h":154},
		"spriteSourceSize": {"x":180,"y":81,"w":974,"h":524},
		"sourceSize": {"w":974,"h":524}
	},
	"balao02.png": {
		"frame": {"x":242, "y":109, "w":156, "h":186},
		"spriteSourceSize": {"x":185,"y":49,"w":974,"h":524},
		"sourceSize": {"w":974,"h":524}
	},
	"balao03.png": {
		"frame": {"x":236, "y":478, "w":179, "h":214},
		"spriteSourceSize": {"x":562,"y":54,"w":974,"h":524},
		"sourceSize": {"w":974,"h":524}
	},
	"balao04.png": {
		"frame": {"x":242, "y":297, "w":143, "h":171},
		"spriteSourceSize": {"x":205,"y":57,"w":974,"h":524},
		"sourceSize": {"w":974,"h":524}
	},
	"balao05.png": {
		"frame": {"x":0, "y":854, "w":194, "h":98},
		"spriteSourceSize": {"x":577,"y":35,"w":974,"h":524},
		"sourceSize": {"w":974,"h":524}
	},
	"balao06.png": {
		"frame": {"x":236, "y":694, "w":167, "h":172},
		"spriteSourceSize": {"x":177,"y":63,"w":974,"h":524},
		"sourceSize": {"w":974,"h":524}
	},
	"balao07.png": {
		"frame": {"x":400, "y":0, "w":125, "h":150},
		"spriteSourceSize": {"x":554,"y":92,"w":974,"h":524},
		"sourceSize": {"w":974,"h":524}
	},
	"balao08.png": {
		"frame": {"x":387, "y":297, "w":125, "h":147},
		"spriteSourceSize": {"x":656,"y":164,"w":974,"h":524},
		"sourceSize": {"w":974,"h":524}
	},
	"boca00.png": {
		"frame": {"x":63, "y":954, "w":30, "h":28},
		"spriteSourceSize": {"x":138,"y":251,"w":974,"h":524},
		"sourceSize": {"w":974,"h":524}
	},
	"boca01.png": {
		"frame": {"x":63, "y":954, "w":30, "h":28},
		"spriteSourceSize": {"x":481,"y":251,"w":974,"h":524},
		"sourceSize": {"w":974,"h":524}
	},
	"focinhoGato00.png": {
		"frame": {"x":63, "y":984, "w":30, "h":26},
		"spriteSourceSize": {"x":785,"y":104,"w":974,"h":524},
		"sourceSize": {"w":974,"h":524}
	},
	"img00.png": {
		"frame": {"x":0, "y":478, "w":234, "h":374},
		"spriteSourceSize": {"x":43,"y":148,"w":974,"h":524},
		"sourceSize": {"w":974,"h":524}
	},
	"img01.png": {
		"frame": {"x":0, "y":109, "w":240, "h":367},
		"spriteSourceSize": {"x":376,"y":156,"w":974,"h":524},
		"sourceSize": {"w":974,"h":524}
	},
	"img02.png": {
		"frame": {"x":196, "y":868, "w":149, "h":153},
		"spriteSourceSize": {"x":773,"y":74,"w":974,"h":524},
		"sourceSize": {"w":974,"h":524}
	}

},
"meta": {
	"image": "sprites.png",
	"size": {"w": 1024, "h": 1024},
	"scale": "1"
}
}