{
"frames": {
	"areaDrag00.png": {
		"frame": {"x":0, "y":811, "w":209, "h":209},
		"spriteSourceSize": {"x":383,"y":272,"w":974,"h":524},
		"sourceSize": {"w":974,"h":524}
	},
	"areaDrag01.png": {
		"frame": {"x":0, "y":811, "w":209, "h":209},
		"spriteSourceSize": {"x":645,"y":272,"w":974,"h":524},
		"sourceSize": {"w":974,"h":524}
	},
	"audio00.png": {
		"frame": {"x":210, "y":932, "w":61, "h":59},
		"spriteSourceSize": {"x":221,"y":255,"w":974,"h":524},
		"sourceSize": {"w":974,"h":524}
	},
	"balao01.png": {
		"frame": {"x":0, "y":415, "w":242, "h":118},
		"spriteSourceSize": {"x":257,"y":94,"w":974,"h":524},
		"sourceSize": {"w":974,"h":524}
	},
	"balaoE00.png": {
		"frame": {"x":0, "y":199, "w":261, "h":215},
		"spriteSourceSize": {"x":29,"y":234,"w":974,"h":524},
		"sourceSize": {"w":974,"h":524}
	},
	"boca00.png": {
		"frame": {"x":210, "y":992, "w":30, "h":28},
		"spriteSourceSize": {"x":137,"y":164,"w":974,"h":524},
		"sourceSize": {"w":974,"h":524}
	},
	"drag00.png": {
		"frame": {"x":476, "y":438, "w":56, "h":132},
		"spriteSourceSize": {"x":353,"y":53,"w":974,"h":524},
		"sourceSize": {"w":974,"h":524}
	},
	"drag01.png": {
		"frame": {"x":327, "y":813, "w":116, "h":104},
		"spriteSourceSize": {"x":405,"y":71,"w":974,"h":524},
		"sourceSize": {"w":974,"h":524}
	},
	"drag02.png": {
		"frame": {"x":444, "y":813, "w":94, "h":114},
		"spriteSourceSize": {"x":527,"y":56,"w":974,"h":524},
		"sourceSize": {"w":974,"h":524}
	},
	"drag03.png": {
		"frame": {"x":476, "y":571, "w":16, "h":130},
		"spriteSourceSize": {"x":631,"y":50,"w":974,"h":524},
		"sourceSize": {"w":974,"h":524}
	},
	"drag04.png": {
		"frame": {"x":327, "y":918, "w":114, "h":103},
		"spriteSourceSize": {"x":656,"y":49,"w":974,"h":524},
		"sourceSize": {"w":974,"h":524}
	},
	"drag05.png": {
		"frame": {"x":210, "y":813, "w":116, "h":118},
		"spriteSourceSize": {"x":758,"y":63,"w":974,"h":524},
		"sourceSize": {"w":974,"h":524}
	},
	"img00.png": {
		"frame": {"x":262, "y":199, "w":232, "h":238},
		"spriteSourceSize": {"x":32,"y":30,"w":974,"h":524},
		"sourceSize": {"w":974,"h":524}
	},
	"img01.png": {
		"frame": {"x":238, "y":534, "w":237, "h":278},
		"spriteSourceSize": {"x":369,"y":210,"w":974,"h":524},
		"sourceSize": {"w":974,"h":524}
	},
	"img02.png": {
		"frame": {"x":0, "y":534, "w":237, "h":276},
		"spriteSourceSize": {"x":631,"y":212,"w":974,"h":524},
		"sourceSize": {"w":974,"h":524}
	},
	"img03.png": {
		"frame": {"x":0, "y":0, "w":605, "h":198},
		"spriteSourceSize": {"x":323,"y":38,"w":974,"h":524},
		"sourceSize": {"w":974,"h":524}
	},
	"img04.png": {
		"frame": {"x":243, "y":438, "w":61, "h":60},
		"spriteSourceSize": {"x":856,"y":165,"w":974,"h":524},
		"sourceSize": {"w":974,"h":524}
	}

},
"meta": {
	"image": "sprites.png",
	"size": {"w": 1024, "h": 1024},
	"scale": "1"
}
}