{
"frames": {
	"0.png": {
		"frame": {"x":224, "y":138, "w":54, "h":44},
		"spriteSourceSize": {"x":76,"y":0,"w":877,"h":94},
		"sourceSize": {"w":877,"h":94}
	},
	"1.png": {
		"frame": {"x":414, "y":92, "w":54, "h":44},
		"spriteSourceSize": {"x":133,"y":0,"w":877,"h":94},
		"sourceSize": {"w":877,"h":94}
	},
	"2.png": {
		"frame": {"x":414, "y":46, "w":54, "h":44},
		"spriteSourceSize": {"x":192,"y":0,"w":877,"h":94},
		"sourceSize": {"w":877,"h":94}
	},
	"3.png": {
		"frame": {"x":403, "y":0, "w":54, "h":44},
		"spriteSourceSize": {"x":250,"y":0,"w":877,"h":94},
		"sourceSize": {"w":877,"h":94}
	},
	"4.png": {
		"frame": {"x":392, "y":184, "w":54, "h":44},
		"spriteSourceSize": {"x":307,"y":0,"w":877,"h":94},
		"sourceSize": {"w":877,"h":94}
	},
	"5.png": {
		"frame": {"x":392, "y":138, "w":54, "h":44},
		"spriteSourceSize": {"x":364,"y":3,"w":877,"h":94},
		"sourceSize": {"w":877,"h":94}
	},
	"6.png": {
		"frame": {"x":358, "y":92, "w":54, "h":44},
		"spriteSourceSize": {"x":420,"y":3,"w":877,"h":94},
		"sourceSize": {"w":877,"h":94}
	},
	"7.png": {
		"frame": {"x":358, "y":46, "w":54, "h":44},
		"spriteSourceSize": {"x":478,"y":3,"w":877,"h":94},
		"sourceSize": {"w":877,"h":94}
	},
	"8.png": {
		"frame": {"x":347, "y":0, "w":54, "h":44},
		"spriteSourceSize": {"x":536,"y":3,"w":877,"h":94},
		"sourceSize": {"w":877,"h":94}
	},
	"9.png": {
		"frame": {"x":336, "y":184, "w":54, "h":44},
		"spriteSourceSize": {"x":594,"y":3,"w":877,"h":94},
		"sourceSize": {"w":877,"h":94}
	},
	"A.png": {
		"frame": {"x":336, "y":138, "w":54, "h":44},
		"spriteSourceSize": {"x":76,"y":0,"w":877,"h":94},
		"sourceSize": {"w":877,"h":94}
	},
	"B.png": {
		"frame": {"x":302, "y":46, "w":54, "h":44},
		"spriteSourceSize": {"x":133,"y":0,"w":877,"h":94},
		"sourceSize": {"w":877,"h":94}
	},
	"C.png": {
		"frame": {"x":280, "y":184, "w":54, "h":44},
		"spriteSourceSize": {"x":192,"y":0,"w":877,"h":94},
		"sourceSize": {"w":877,"h":94}
	},
	"D.png": {
		"frame": {"x":280, "y":138, "w":54, "h":44},
		"spriteSourceSize": {"x":250,"y":0,"w":877,"h":94},
		"sourceSize": {"w":877,"h":94}
	},
	"E.png": {
		"frame": {"x":246, "y":92, "w":54, "h":44},
		"spriteSourceSize": {"x":307,"y":0,"w":877,"h":94},
		"sourceSize": {"w":877,"h":94}
	},
	"F.png": {
		"frame": {"x":235, "y":0, "w":54, "h":44},
		"spriteSourceSize": {"x":364,"y":3,"w":877,"h":94},
		"sourceSize": {"w":877,"h":94}
	},
	"G.png": {
		"frame": {"x":224, "y":184, "w":54, "h":44},
		"spriteSourceSize": {"x":420,"y":3,"w":877,"h":94},
		"sourceSize": {"w":877,"h":94}
	},
	"H.png": {
		"frame": {"x":448, "y":138, "w":54, "h":44},
		"spriteSourceSize": {"x":478,"y":3,"w":877,"h":94},
		"sourceSize": {"w":877,"h":94}
	},
	"I.png": {
		"frame": {"x":190, "y":92, "w":54, "h":44},
		"spriteSourceSize": {"x":536,"y":3,"w":877,"h":94},
		"sourceSize": {"w":877,"h":94}
	},
	"J.png": {
		"frame": {"x":190, "y":46, "w":54, "h":44},
		"spriteSourceSize": {"x":594,"y":3,"w":877,"h":94},
		"sourceSize": {"w":877,"h":94}
	},
	"K.png": {
		"frame": {"x":179, "y":0, "w":54, "h":44},
		"spriteSourceSize": {"x":651,"y":3,"w":877,"h":94},
		"sourceSize": {"w":877,"h":94}
	},
	"L.png": {
		"frame": {"x":168, "y":184, "w":54, "h":44},
		"spriteSourceSize": {"x":708,"y":3,"w":877,"h":94},
		"sourceSize": {"w":877,"h":94}
	},
	"M.png": {
		"frame": {"x":302, "y":92, "w":54, "h":44},
		"spriteSourceSize": {"x":766,"y":3,"w":877,"h":94},
		"sourceSize": {"w":877,"h":94}
	},
	"N.png": {
		"frame": {"x":134, "y":92, "w":54, "h":44},
		"spriteSourceSize": {"x":0,"y":49,"w":877,"h":94},
		"sourceSize": {"w":877,"h":94}
	},
	"O.png": {
		"frame": {"x":246, "y":46, "w":54, "h":44},
		"spriteSourceSize": {"x":59,"y":49,"w":877,"h":94},
		"sourceSize": {"w":877,"h":94}
	},
	"P.png": {
		"frame": {"x":112, "y":184, "w":54, "h":44},
		"spriteSourceSize": {"x":117,"y":50,"w":877,"h":94},
		"sourceSize": {"w":877,"h":94}
	},
	"Q.png": {
		"frame": {"x":112, "y":138, "w":54, "h":44},
		"spriteSourceSize": {"x":173,"y":50,"w":877,"h":94},
		"sourceSize": {"w":877,"h":94}
	},
	"R.png": {
		"frame": {"x":78, "y":92, "w":54, "h":44},
		"spriteSourceSize": {"x":230,"y":50,"w":877,"h":94},
		"sourceSize": {"w":877,"h":94}
	},
	"S.png": {
		"frame": {"x":168, "y":138, "w":54, "h":44},
		"spriteSourceSize": {"x":287,"y":50,"w":877,"h":94},
		"sourceSize": {"w":877,"h":94}
	},
	"T.png": {
		"frame": {"x":134, "y":46, "w":54, "h":44},
		"spriteSourceSize": {"x":345,"y":50,"w":877,"h":94},
		"sourceSize": {"w":877,"h":94}
	},
	"U.png": {
		"frame": {"x":123, "y":0, "w":54, "h":44},
		"spriteSourceSize": {"x":401,"y":50,"w":877,"h":94},
		"sourceSize": {"w":877,"h":94}
	},
	"V.png": {
		"frame": {"x":56, "y":184, "w":54, "h":44},
		"spriteSourceSize": {"x":457,"y":50,"w":877,"h":94},
		"sourceSize": {"w":877,"h":94}
	},
	"W.png": {
		"frame": {"x":78, "y":46, "w":54, "h":44},
		"spriteSourceSize": {"x":515,"y":50,"w":877,"h":94},
		"sourceSize": {"w":877,"h":94}
	},
	"X.png": {
		"frame": {"x":0, "y":138, "w":54, "h":44},
		"spriteSourceSize": {"x":572,"y":50,"w":877,"h":94},
		"sourceSize": {"w":877,"h":94}
	},
	"Y.png": {
		"frame": {"x":0, "y":184, "w":54, "h":44},
		"spriteSourceSize": {"x":631,"y":50,"w":877,"h":94},
		"sourceSize": {"w":877,"h":94}
	},
	"Z.png": {
		"frame": {"x":56, "y":138, "w":54, "h":44},
		"spriteSourceSize": {"x":687,"y":50,"w":877,"h":94},
		"sourceSize": {"w":877,"h":94}
	},
	"alfabetico.png": {
		"frame": {"x":0, "y":46, "w":76, "h":44},
		"spriteSourceSize": {"x":0,"y":0,"w":877,"h":94},
		"sourceSize": {"w":877,"h":94}
	},
	"backspace.png": {
		"frame": {"x":291, "y":0, "w":54, "h":44},
		"spriteSourceSize": {"x":820,"y":3,"w":875,"h":94},
		"sourceSize": {"w":875,"h":94}
	},
	"espaco.png": {
		"frame": {"x":0, "y":0, "w":121, "h":44},
		"spriteSourceSize": {"x":750,"y":50,"w":877,"h":94},
		"sourceSize": {"w":877,"h":94}
	},
	"numerico.png": {
		"frame": {"x":0, "y":92, "w":76, "h":44},
		"spriteSourceSize": {"x":0,"y":0,"w":877,"h":94},
		"sourceSize": {"w":877,"h":94}
	}

},
"meta": {
	"image": "teclado.png",
	"size": {"w": 512, "h": 256},
	"scale": "1"
}
}