{
"frames": {
	"audio00.png": {
		"frame": {"x":0, "y":824, "w":61, "h":59},
		"spriteSourceSize": {"x":437,"y":112,"w":974,"h":524},
		"sourceSize": {"w":974,"h":524}
	},
	"balao00.png": {
		"frame": {"x":0, "y":420, "w":318, "h":201},
		"spriteSourceSize": {"x":186,"y":83,"w":974,"h":524},
		"sourceSize": {"w":974,"h":524}
	},
	"balao01.png": {
		"frame": {"x":0, "y":623, "w":258, "h":199},
		"spriteSourceSize": {"x":165,"y":85,"w":974,"h":524},
		"sourceSize": {"w":974,"h":524}
	},
	"balao03.png": {
		"frame": {"x":0, "y":915, "w":1, "h":1},
		"spriteSourceSize": {"x":215,"y":219,"w":974,"h":524},
		"sourceSize": {"w":974,"h":524}
	},
	"boca00.png": {
		"frame": {"x":0, "y":885, "w":30, "h":28},
		"spriteSourceSize": {"x":158,"y":287,"w":974,"h":524},
		"sourceSize": {"w":974,"h":524}
	},
	"img00.png": {
		"frame": {"x":260, "y":623, "w":227, "h":307},
		"spriteSourceSize": {"x":45,"y":215,"w":974,"h":524},
		"sourceSize": {"w":974,"h":524}
	},
	"img01.png": {
		"frame": {"x":0, "y":0, "w":347, "h":418},
		"spriteSourceSize": {"x":564,"y":49,"w":974,"h":524},
		"sourceSize": {"w":974,"h":524}
	}

},
"meta": {
	"image": "sprites.png",
	"size": {"w": 512, "h": 1024},
	"scale": "1"
}
}