{
"frames": {
	"audio00.png": {
		"frame": {"x":124, "y":947, "w":61, "h":59},
		"spriteSourceSize": {"x":277,"y":153,"w":974,"h":524},
		"sourceSize": {"w":974,"h":524}
	},
	"audio01.png": {
		"frame": {"x":62, "y":947, "w":61, "h":59},
		"spriteSourceSize": {"x":407,"y":51,"w":974,"h":524},
		"sourceSize": {"w":974,"h":524}
	},
	"audio02.png": {
		"frame": {"x":62, "y":947, "w":61, "h":59},
		"spriteSourceSize": {"x":407,"y":162,"w":974,"h":524},
		"sourceSize": {"w":974,"h":524}
	},
	"audio03.png": {
		"frame": {"x":62, "y":947, "w":61, "h":59},
		"spriteSourceSize": {"x":407,"y":280,"w":974,"h":524},
		"sourceSize": {"w":974,"h":524}
	},
	"audio04.png": {
		"frame": {"x":62, "y":947, "w":61, "h":59},
		"spriteSourceSize": {"x":407,"y":388,"w":974,"h":524},
		"sourceSize": {"w":974,"h":524}
	},
	"balao01.png": {
		"frame": {"x":261, "y":260, "w":147, "h":138},
		"spriteSourceSize": {"x":242,"y":334,"w":974,"h":524},
		"sourceSize": {"w":974,"h":524}
	},
	"balaoE00.png": {
		"frame": {"x":0, "y":0, "w":286, "h":259},
		"spriteSourceSize": {"x":65,"y":12,"w":974,"h":524},
		"sourceSize": {"w":974,"h":524}
	},
	"focinhoGato00.png": {
		"frame": {"x":186, "y":968, "w":59, "h":50},
		"spriteSourceSize": {"x":166,"y":310,"w":974,"h":524},
		"sourceSize": {"w":974,"h":524}
	},
	"img00.png": {
		"frame": {"x":0, "y":260, "w":260, "h":263},
		"spriteSourceSize": {"x":40,"y":187,"w":974,"h":524},
		"sourceSize": {"w":974,"h":524}
	},
	"img01.png": {
		"frame": {"x":0, "y":524, "w":227, "h":422},
		"spriteSourceSize": {"x":400,"y":37,"w":974,"h":524},
		"sourceSize": {"w":974,"h":524}
	},
	"img02.png": {
		"frame": {"x":228, "y":524, "w":168, "h":443},
		"spriteSourceSize": {"x":735,"y":27,"w":974,"h":524},
		"sourceSize": {"w":974,"h":524}
	},
	"img03.png": {
		"frame": {"x":0, "y":947, "w":61, "h":60},
		"spriteSourceSize": {"x":310,"y":301,"w":974,"h":524},
		"sourceSize": {"w":974,"h":524}
	},
	"line0_00.png": {
		"frame": {"x":246, "y":968, "w":41, "h":41},
		"spriteSourceSize": {"x":576,"y":60,"w":974,"h":524},
		"sourceSize": {"w":974,"h":524}
	},
	"line0_01.png": {
		"frame": {"x":246, "y":968, "w":41, "h":41},
		"spriteSourceSize": {"x":576,"y":171,"w":974,"h":524},
		"sourceSize": {"w":974,"h":524}
	},
	"line0_02.png": {
		"frame": {"x":246, "y":968, "w":41, "h":41},
		"spriteSourceSize": {"x":576,"y":288,"w":974,"h":524},
		"sourceSize": {"w":974,"h":524}
	},
	"line0_03.png": {
		"frame": {"x":246, "y":968, "w":41, "h":41},
		"spriteSourceSize": {"x":576,"y":396,"w":974,"h":524},
		"sourceSize": {"w":974,"h":524}
	},
	"line1_00.png": {
		"frame": {"x":246, "y":968, "w":41, "h":41},
		"spriteSourceSize": {"x":745,"y":169,"w":974,"h":524},
		"sourceSize": {"w":974,"h":524}
	},
	"line1_01.png": {
		"frame": {"x":246, "y":968, "w":41, "h":41},
		"spriteSourceSize": {"x":745,"y":397,"w":974,"h":524},
		"sourceSize": {"w":974,"h":524}
	},
	"line1_02.png": {
		"frame": {"x":246, "y":968, "w":41, "h":41},
		"spriteSourceSize": {"x":745,"y":289,"w":974,"h":524},
		"sourceSize": {"w":974,"h":524}
	},
	"line1_03.png": {
		"frame": {"x":246, "y":968, "w":41, "h":41},
		"spriteSourceSize": {"x":745,"y":60,"w":974,"h":524},
		"sourceSize": {"w":974,"h":524}
	}

},
"meta": {
	"image": "sprites.png",
	"size": {"w": 512, "h": 1024},
	"scale": "1"
}
}