{
"frames": {
	"audio00.png": {
		"frame": {"x":224, "y":830, "w":61, "h":59},
		"spriteSourceSize": {"x":304,"y":402,"w":974,"h":524},
		"sourceSize": {"w":974,"h":524}
	},
	"audio01.png": {
		"frame": {"x":224, "y":830, "w":61, "h":59},
		"spriteSourceSize": {"x":286,"y":101,"w":974,"h":524},
		"sourceSize": {"w":974,"h":524}
	},
	"audio02.png": {
		"frame": {"x":224, "y":830, "w":61, "h":59},
		"spriteSourceSize": {"x":287,"y":175,"w":974,"h":524},
		"sourceSize": {"w":974,"h":524}
	},
	"audio03.png": {
		"frame": {"x":224, "y":830, "w":61, "h":59},
		"spriteSourceSize": {"x":287,"y":248,"w":974,"h":524},
		"sourceSize": {"w":974,"h":524}
	},
	"audio04.png": {
		"frame": {"x":224, "y":830, "w":61, "h":59},
		"spriteSourceSize": {"x":286,"y":322,"w":974,"h":524},
		"sourceSize": {"w":974,"h":524}
	},
	"audio05.png": {
		"frame": {"x":224, "y":830, "w":61, "h":59},
		"spriteSourceSize": {"x":867,"y":70,"w":974,"h":524},
		"sourceSize": {"w":974,"h":524}
	},
	"audio06.png": {
		"frame": {"x":224, "y":830, "w":61, "h":59},
		"spriteSourceSize": {"x":867,"y":165,"w":974,"h":524},
		"sourceSize": {"w":974,"h":524}
	},
	"audio07.png": {
		"frame": {"x":224, "y":830, "w":61, "h":59},
		"spriteSourceSize": {"x":868,"y":269,"w":974,"h":524},
		"sourceSize": {"w":974,"h":524}
	},
	"audio08.png": {
		"frame": {"x":224, "y":830, "w":61, "h":59},
		"spriteSourceSize": {"x":867,"y":364,"w":974,"h":524},
		"sourceSize": {"w":974,"h":524}
	},
	"balao01.png": {
		"frame": {"x":0, "y":830, "w":223, "h":153},
		"spriteSourceSize": {"x":52,"y":26,"w":974,"h":524},
		"sourceSize": {"w":974,"h":524}
	},
	"balaoE00.png": {
		"frame": {"x":0, "y":0, "w":342, "h":166},
		"spriteSourceSize": {"x":30,"y":326,"w":974,"h":524},
		"sourceSize": {"w":974,"h":524}
	},
	"boca00.png": {
		"frame": {"x":38, "y":984, "w":30, "h":28},
		"spriteSourceSize": {"x":145,"y":256,"w":974,"h":524},
		"sourceSize": {"w":974,"h":524}
	},
	"img00.png": {
		"frame": {"x":252, "y":535, "w":237, "h":244},
		"spriteSourceSize": {"x":34,"y":132,"w":974,"h":524},
		"sourceSize": {"w":974,"h":524}
	},
	"img01.png": {
		"frame": {"x":0, "y":535, "w":251, "h":294},
		"spriteSourceSize": {"x":278,"y":93,"w":974,"h":524},
		"sourceSize": {"w":974,"h":524}
	},
	"img02.png": {
		"frame": {"x":0, "y":167, "w":329, "h":367},
		"spriteSourceSize": {"x":606,"y":62,"w":974,"h":524},
		"sourceSize": {"w":974,"h":524}
	},
	"line0_00.png": {
		"frame": {"x":0, "y":984, "w":37, "h":37},
		"spriteSourceSize": {"x":481,"y":111,"w":974,"h":524},
		"sourceSize": {"w":974,"h":524}
	},
	"line0_01.png": {
		"frame": {"x":0, "y":984, "w":37, "h":37},
		"spriteSourceSize": {"x":478,"y":185,"w":974,"h":524},
		"sourceSize": {"w":974,"h":524}
	},
	"line0_02.png": {
		"frame": {"x":0, "y":984, "w":37, "h":37},
		"spriteSourceSize": {"x":479,"y":259,"w":974,"h":524},
		"sourceSize": {"w":974,"h":524}
	},
	"line0_03.png": {
		"frame": {"x":0, "y":984, "w":37, "h":37},
		"spriteSourceSize": {"x":478,"y":333,"w":974,"h":524},
		"sourceSize": {"w":974,"h":524}
	},
	"line1_00.png": {
		"frame": {"x":0, "y":984, "w":37, "h":37},
		"spriteSourceSize": {"x":618,"y":283,"w":974,"h":524},
		"sourceSize": {"w":974,"h":524}
	},
	"line1_01.png": {
		"frame": {"x":0, "y":984, "w":37, "h":37},
		"spriteSourceSize": {"x":622,"y":377,"w":974,"h":524},
		"sourceSize": {"w":974,"h":524}
	},
	"line1_02.png": {
		"frame": {"x":0, "y":984, "w":37, "h":37},
		"spriteSourceSize": {"x":618,"y":176,"w":974,"h":524},
		"sourceSize": {"w":974,"h":524}
	},
	"line1_03.png": {
		"frame": {"x":0, "y":984, "w":37, "h":37},
		"spriteSourceSize": {"x":618,"y":82,"w":974,"h":524},
		"sourceSize": {"w":974,"h":524}
	}

},
"meta": {
	"image": "sprites.png",
	"size": {"w": 512, "h": 1024},
	"scale": "1"
}
}