{
"frames": {
	"audio00.png": {
		"frame": {"x":205, "y":394, "w":61, "h":59},
		"spriteSourceSize": {"x":825,"y":280,"w":974,"h":524},
		"sourceSize": {"w":974,"h":524}
	},
	"balao01.png": {
		"frame": {"x":0, "y":394, "w":203, "h":114},
		"spriteSourceSize": {"x":513,"y":212,"w":974,"h":524},
		"sourceSize": {"w":974,"h":524}
	},
	"balaoE00.png": {
		"frame": {"x":542, "y":0, "w":300, "h":241},
		"spriteSourceSize": {"x":631,"y":222,"w":974,"h":524},
		"sourceSize": {"w":974,"h":524}
	},
	"boca00.png": {
		"frame": {"x":205, "y":482, "w":20, "h":19},
		"spriteSourceSize": {"x":765,"y":150,"w":974,"h":524},
		"sourceSize": {"w":974,"h":524}
	},
	"img00.png": {
		"frame": {"x":542, "y":243, "w":219, "h":225},
		"spriteSourceSize": {"x":666,"y":37,"w":974,"h":524},
		"sourceSize": {"w":974,"h":524}
	},
	"img01.png": {
		"frame": {"x":0, "y":0, "w":540, "h":392},
		"spriteSourceSize": {"x":44,"y":69,"w":974,"h":524},
		"sourceSize": {"w":974,"h":524}
	},
	"img02.png": {
		"frame": {"x":268, "y":394, "w":61, "h":60},
		"spriteSourceSize": {"x":601,"y":232,"w":974,"h":524},
		"sourceSize": {"w":974,"h":524}
	},
	"line0_00.png": {
		"frame": {"x":205, "y":455, "w":25, "h":25},
		"spriteSourceSize": {"x":86,"y":184,"w":974,"h":524},
		"sourceSize": {"w":974,"h":524}
	},
	"line0_01.png": {
		"frame": {"x":205, "y":455, "w":25, "h":25},
		"spriteSourceSize": {"x":235,"y":184,"w":974,"h":524},
		"sourceSize": {"w":974,"h":524}
	},
	"line0_02.png": {
		"frame": {"x":205, "y":455, "w":25, "h":25},
		"spriteSourceSize": {"x":365,"y":184,"w":974,"h":524},
		"sourceSize": {"w":974,"h":524}
	},
	"line0_03.png": {
		"frame": {"x":205, "y":455, "w":25, "h":25},
		"spriteSourceSize": {"x":514,"y":184,"w":974,"h":524},
		"sourceSize": {"w":974,"h":524}
	},
	"line1_00.png": {
		"frame": {"x":205, "y":455, "w":25, "h":25},
		"spriteSourceSize": {"x":368,"y":320,"w":974,"h":524},
		"sourceSize": {"w":974,"h":524}
	},
	"line1_01.png": {
		"frame": {"x":205, "y":455, "w":25, "h":25},
		"spriteSourceSize": {"x":238,"y":320,"w":974,"h":524},
		"sourceSize": {"w":974,"h":524}
	},
	"line1_02.png": {
		"frame": {"x":205, "y":455, "w":25, "h":25},
		"spriteSourceSize": {"x":505,"y":320,"w":974,"h":524},
		"sourceSize": {"w":974,"h":524}
	},
	"line1_03.png": {
		"frame": {"x":205, "y":455, "w":25, "h":25},
		"spriteSourceSize": {"x":89,"y":320,"w":974,"h":524},
		"sourceSize": {"w":974,"h":524}
	}

},
"meta": {
	"image": "sprites.png",
	"size": {"w": 1024, "h": 512},
	"scale": "1"
}
}