{
"frames": {
	"areaDrag00.png": {
		"frame": {"x":273, "y":450, "w":84, "h":99},
		"spriteSourceSize": {"x":76,"y":421,"w":974,"h":524},
		"sourceSize": {"w":974,"h":524}
	},
	"audio00.png": {
		"frame": {"x":162, "y":951, "w":61, "h":59},
		"spriteSourceSize": {"x":540,"y":213,"w":974,"h":524},
		"sourceSize": {"w":974,"h":524}
	},
	"audio01.png": {
		"frame": {"x":162, "y":951, "w":61, "h":59},
		"spriteSourceSize": {"x":465,"y":78,"w":974,"h":524},
		"sourceSize": {"w":974,"h":524}
	},
	"balao00.png": {
		"frame": {"x":0, "y":265, "w":346, "h":183},
		"spriteSourceSize": {"x":491,"y":97,"w":974,"h":524},
		"sourceSize": {"w":974,"h":524}
	},
	"balao01.png": {
		"frame": {"x":0, "y":0, "w":389, "h":263},
		"spriteSourceSize": {"x":277,"y":38,"w":974,"h":524},
		"sourceSize": {"w":974,"h":524}
	},
	"balao02.png": {
		"frame": {"x":0, "y":657, "w":246, "h":136},
		"spriteSourceSize": {"x":414,"y":156,"w":974,"h":524},
		"sourceSize": {"w":974,"h":524}
	},
	"balao04.png": {
		"frame": {"x":0, "y":795, "w":176, "h":154},
		"spriteSourceSize": {"x":529,"y":117,"w":974,"h":524},
		"sourceSize": {"w":974,"h":524}
	},
	"balaoE003.png": {
		"frame": {"x":0, "y":450, "w":271, "h":205},
		"spriteSourceSize": {"x":456,"y":69,"w":974,"h":524},
		"sourceSize": {"w":974,"h":524}
	},
	"balaoE03.png": {
		"frame": {"x":0, "y":450, "w":271, "h":205},
		"spriteSourceSize": {"x":456,"y":69,"w":974,"h":524},
		"sourceSize": {"w":974,"h":524}
	},
	"boca00.png": {
		"frame": {"x":178, "y":865, "w":20, "h":19},
		"spriteSourceSize": {"x":733,"y":320,"w":974,"h":524},
		"sourceSize": {"w":974,"h":524}
	},
	"drag00.png": {
		"frame": {"x":178, "y":795, "w":68, "h":26},
		"spriteSourceSize": {"x":321,"y":341,"w":974,"h":524},
		"sourceSize": {"w":974,"h":524}
	},
	"drag01.png": {
		"frame": {"x":178, "y":823, "w":45, "h":40},
		"spriteSourceSize": {"x":570,"y":327,"w":974,"h":524},
		"sourceSize": {"w":974,"h":524}
	},
	"drag02.png": {
		"frame": {"x":0, "y":951, "w":97, "h":53},
		"spriteSourceSize": {"x":813,"y":302,"w":974,"h":524},
		"sourceSize": {"w":974,"h":524}
	},
	"img00.png": {
		"frame": {"x":248, "y":657, "w":156, "h":279},
		"spriteSourceSize": {"x":666,"y":245,"w":974,"h":524},
		"sourceSize": {"w":974,"h":524}
	},
	"img01.png": {
		"frame": {"x":273, "y":551, "w":81, "h":102},
		"spriteSourceSize": {"x":78,"y":420,"w":974,"h":524},
		"sourceSize": {"w":974,"h":524}
	},
	"img06.png": {
		"frame": {"x":99, "y":951, "w":61, "h":60},
		"spriteSourceSize": {"x":739,"y":122,"w":974,"h":524},
		"sourceSize": {"w":974,"h":524}
	}

},
"meta": {
	"image": "sprites.png",
	"size": {"w": 512, "h": 1024},
	"scale": "1"
}
}