{
"frames": {
	"audio00.png": {
		"frame": {"x":261, "y":783, "w":61, "h":59},
		"spriteSourceSize": {"x":479,"y":68,"w":974,"h":524},
		"sourceSize": {"w":974,"h":524}
	},
	"balao00.png": {
		"frame": {"x":0, "y":419, "w":300, "h":181},
		"spriteSourceSize": {"x":465,"y":42,"w":974,"h":524},
		"sourceSize": {"w":974,"h":524}
	},
	"balao01.png": {
		"frame": {"x":261, "y":601, "w":236, "h":181},
		"spriteSourceSize": {"x":536,"y":38,"w":974,"h":524},
		"sourceSize": {"w":974,"h":524}
	},
	"balao03.png": {
		"frame": {"x":0, "y":1000, "w":1, "h":1},
		"spriteSourceSize": {"x":215,"y":219,"w":974,"h":524},
		"sourceSize": {"w":974,"h":524}
	},
	"boca00.png": {
		"frame": {"x":261, "y":843, "w":30, "h":28},
		"spriteSourceSize": {"x":793,"y":222,"w":974,"h":524},
		"sourceSize": {"w":974,"h":524}
	},
	"img00.png": {
		"frame": {"x":0, "y":601, "w":260, "h":398},
		"spriteSourceSize": {"x":652,"y":126,"w":967,"h":524},
		"sourceSize": {"w":967,"h":524}
	},
	"img01.png": {
		"frame": {"x":0, "y":0, "w":347, "h":418},
		"spriteSourceSize": {"x":54,"y":49,"w":974,"h":524},
		"sourceSize": {"w":974,"h":524}
	}

},
"meta": {
	"image": "sprites.png",
	"size": {"w": 512, "h": 1024},
	"scale": "1"
}
}