{
"frames": {
	"audio00.png": {
		"frame": {"x":266, "y":418, "w":61, "h":59},
		"spriteSourceSize": {"x":197,"y":80,"w":974,"h":524},
		"sourceSize": {"w":974,"h":524}
	},
	"balao00.png": {
		"frame": {"x":476, "y":0, "w":175, "h":180},
		"spriteSourceSize": {"x":189,"y":70,"w":974,"h":524},
		"sourceSize": {"w":974,"h":524}
	},
	"balao01.png": {
		"frame": {"x":0, "y":507, "w":1, "h":1},
		"spriteSourceSize": {"x":814,"y":127,"w":974,"h":524},
		"sourceSize": {"w":974,"h":524}
	},
	"balao02.png": {
		"frame": {"x":0, "y":507, "w":1, "h":1},
		"spriteSourceSize": {"x":814,"y":127,"w":974,"h":524},
		"sourceSize": {"w":974,"h":524}
	},
	"balao03.png": {
		"frame": {"x":0, "y":507, "w":1, "h":1},
		"spriteSourceSize": {"x":814,"y":127,"w":974,"h":524},
		"sourceSize": {"w":974,"h":524}
	},
	"balao04.png": {
		"frame": {"x":0, "y":507, "w":1, "h":1},
		"spriteSourceSize": {"x":814,"y":127,"w":974,"h":524},
		"sourceSize": {"w":974,"h":524}
	},
	"balao05.png": {
		"frame": {"x":0, "y":507, "w":1, "h":1},
		"spriteSourceSize": {"x":814,"y":127,"w":974,"h":524},
		"sourceSize": {"w":974,"h":524}
	},
	"balao06.png": {
		"frame": {"x":476, "y":181, "w":151, "h":155},
		"spriteSourceSize": {"x":723,"y":198,"w":974,"h":524},
		"sourceSize": {"w":974,"h":524}
	},
	"boca00.png": {
		"frame": {"x":172, "y":478, "w":30, "h":28},
		"spriteSourceSize": {"x":139,"y":270,"w":974,"h":524},
		"sourceSize": {"w":974,"h":524}
	},
	"boca01.png": {
		"frame": {"x":172, "y":478, "w":30, "h":28},
		"spriteSourceSize": {"x":461,"y":263,"w":974,"h":524},
		"sourceSize": {"w":974,"h":524}
	},
	"click00.png": {
		"frame": {"x":266, "y":357, "w":61, "h":60},
		"spriteSourceSize": {"x":644,"y":226,"w":974,"h":524},
		"sourceSize": {"w":974,"h":524}
	},
	"focinhoGato00.png": {
		"frame": {"x":203, "y":478, "w":30, "h":26},
		"spriteSourceSize": {"x":778,"y":131,"w":974,"h":524},
		"sourceSize": {"w":974,"h":524}
	},
	"img00.png": {
		"frame": {"x":0, "y":359, "w":171, "h":141},
		"spriteSourceSize": {"x":735,"y":104,"w":974,"h":524},
		"sourceSize": {"w":974,"h":524}
	},
	"img01.png": {
		"frame": {"x":172, "y":359, "w":93, "h":103},
		"spriteSourceSize": {"x":679,"y":142,"w":974,"h":524},
		"sourceSize": {"w":974,"h":524}
	},
	"img02.png": {
		"frame": {"x":241, "y":0, "w":234, "h":356},
		"spriteSourceSize": {"x":42,"y":166,"w":974,"h":524},
		"sourceSize": {"w":974,"h":524}
	},
	"img03.png": {
		"frame": {"x":0, "y":0, "w":240, "h":358},
		"spriteSourceSize": {"x":358,"y":166,"w":974,"h":524},
		"sourceSize": {"w":974,"h":524}
	}

},
"meta": {
	"image": "sprites.png",
	"size": {"w": 1024, "h": 512},
	"scale": "1"
}
}