{
"frames": {
	"audio00.png": {
		"frame": {"x":319, "y":420, "w":61, "h":59},
		"spriteSourceSize": {"x":423,"y":63,"w":974,"h":524},
		"sourceSize": {"w":974,"h":524}
	},
	"balao00.png": {
		"frame": {"x":0, "y":420, "w":317, "h":179},
		"spriteSourceSize": {"x":412,"y":40,"w":974,"h":522},
		"sourceSize": {"w":974,"h":522}
	},
	"balao01.png": {
		"frame": {"x":0, "y":811, "w":256, "h":179},
		"spriteSourceSize": {"x":473,"y":40,"w":974,"h":522},
		"sourceSize": {"w":974,"h":522}
	},
	"balao02.png": {
		"frame": {"x":0, "y":601, "w":276, "h":208},
		"spriteSourceSize": {"x":434,"y":39,"w":974,"h":523},
		"sourceSize": {"w":974,"h":523}
	},
	"balao03.png": {
		"frame": {"x":32, "y":992, "w":1, "h":1},
		"spriteSourceSize": {"x":215,"y":219,"w":974,"h":524},
		"sourceSize": {"w":974,"h":524}
	},
	"boca00.png": {
		"frame": {"x":0, "y":992, "w":30, "h":28},
		"spriteSourceSize": {"x":772,"y":241,"w":974,"h":524},
		"sourceSize": {"w":974,"h":524}
	},
	"click00.png": {
		"frame": {"x":319, "y":481, "w":61, "h":60},
		"spriteSourceSize": {"x":342,"y":258,"w":974,"h":524},
		"sourceSize": {"w":974,"h":524}
	},
	"img00.png": {
		"frame": {"x":278, "y":601, "w":240, "h":375},
		"spriteSourceSize": {"x":668,"y":149,"w":974,"h":524},
		"sourceSize": {"w":974,"h":524}
	},
	"img01.png": {
		"frame": {"x":0, "y":0, "w":347, "h":418},
		"spriteSourceSize": {"x":48,"y":46,"w":974,"h":524},
		"sourceSize": {"w":974,"h":524}
	}

},
"meta": {
	"image": "sprites.png",
	"size": {"w": 1024, "h": 1024},
	"scale": "1"
}
}