{
"frames": {
	"audio00.png": {
		"frame": {"x":233, "y":930, "w":61, "h":59},
		"spriteSourceSize": {"x":550,"y":232,"w":974,"h":524},
		"sourceSize": {"w":974,"h":524}
	},
	"balao00.png": {
		"frame": {"x":0, "y":0, "w":366, "h":132},
		"spriteSourceSize": {"x":258,"y":204,"w":974,"h":524},
		"sourceSize": {"w":974,"h":524}
	},
	"balao01.png": {
		"frame": {"x":368, "y":0, "w":253, "h":132},
		"spriteSourceSize": {"x":302,"y":204,"w":974,"h":524},
		"sourceSize": {"w":974,"h":524}
	},
	"balao02.png": {
		"frame": {"x":0, "y":742, "w":290, "h":133},
		"spriteSourceSize": {"x":452,"y":166,"w":967,"h":524},
		"sourceSize": {"w":967,"h":524}
	},
	"balao03.png": {
		"frame": {"x":0, "y":877, "w":231, "h":116},
		"spriteSourceSize": {"x":258,"y":214,"w":974,"h":524},
		"sourceSize": {"w":974,"h":524}
	},
	"balao04.png": {
		"frame": {"x":292, "y":742, "w":274, "h":186},
		"spriteSourceSize": {"x":82,"y":131,"w":974,"h":524},
		"sourceSize": {"w":974,"h":524}
	},
	"balao05.png": {
		"frame": {"x":0, "y":530, "w":298, "h":210},
		"spriteSourceSize": {"x":606,"y":64,"w":974,"h":524},
		"sourceSize": {"w":974,"h":524}
	},
	"balao06.png": {
		"frame": {"x":0, "y":305, "w":326, "h":223},
		"spriteSourceSize": {"x":46,"y":87,"w":974,"h":524},
		"sourceSize": {"w":974,"h":524}
	},
	"balao07.png": {
		"frame": {"x":0, "y":134, "w":326, "h":169},
		"spriteSourceSize": {"x":46,"y":87,"w":974,"h":524},
		"sourceSize": {"w":974,"h":524}
	},
	"boca00.png": {
		"frame": {"x":233, "y":991, "w":30, "h":28},
		"spriteSourceSize": {"x":165,"y":339,"w":974,"h":524},
		"sourceSize": {"w":974,"h":524}
	},
	"boca01.png": {
		"frame": {"x":233, "y":991, "w":30, "h":28},
		"spriteSourceSize": {"x":805,"y":307,"w":974,"h":524},
		"sourceSize": {"w":974,"h":524}
	},
	"click00.png": {
		"frame": {"x":296, "y":930, "w":61, "h":60},
		"spriteSourceSize": {"x":598,"y":282,"w":974,"h":524},
		"sourceSize": {"w":974,"h":524}
	},
	"img00.png": {
		"frame": {"x":328, "y":392, "w":217, "h":256},
		"spriteSourceSize": {"x":51,"y":266,"w":974,"h":524},
		"sourceSize": {"w":974,"h":524}
	},
	"img01.png": {
		"frame": {"x":547, "y":392, "w":192, "h":298},
		"spriteSourceSize": {"x":721,"y":226,"w":974,"h":524},
		"sourceSize": {"w":974,"h":524}
	},
	"img02.png": {
		"frame": {"x":328, "y":134, "w":266, "h":256},
		"spriteSourceSize": {"x":356,"y":89,"w":974,"h":524},
		"sourceSize": {"w":974,"h":524}
	}

},
"meta": {
	"image": "sprites.png",
	"size": {"w": 1024, "h": 1024},
	"scale": "1"
}
}