{
"frames": {
	"audio00.png": {
		"frame": {"x":117, "y":895, "w":61, "h":59},
		"spriteSourceSize": {"x":593,"y":76,"w":974,"h":524},
		"sourceSize": {"w":974,"h":524}
	},
	"audio01.png": {
		"frame": {"x":117, "y":895, "w":61, "h":59},
		"spriteSourceSize": {"x":348,"y":186,"w":974,"h":524},
		"sourceSize": {"w":974,"h":524}
	},
	"audio02.png": {
		"frame": {"x":117, "y":895, "w":61, "h":59},
		"spriteSourceSize": {"x":348,"y":291,"w":974,"h":524},
		"sourceSize": {"w":974,"h":524}
	},
	"audio03.png": {
		"frame": {"x":117, "y":895, "w":61, "h":59},
		"spriteSourceSize": {"x":348,"y":389,"w":974,"h":524},
		"sourceSize": {"w":974,"h":524}
	},
	"balao01.png": {
		"frame": {"x":0, "y":692, "w":118, "h":139},
		"spriteSourceSize": {"x":70,"y":252,"w":974,"h":524},
		"sourceSize": {"w":974,"h":524}
	},
	"balaoE00.png": {
		"frame": {"x":0, "y":0, "w":381, "h":151},
		"spriteSourceSize": {"x":280,"y":61,"w":974,"h":524},
		"sourceSize": {"w":974,"h":524}
	},
	"boca00.png": {
		"frame": {"x":117, "y":956, "w":30, "h":28},
		"spriteSourceSize": {"x":176,"y":190,"w":974,"h":524},
		"sourceSize": {"w":974,"h":524}
	},
	"click00.png": {
		"frame": {"x":117, "y":833, "w":61, "h":60},
		"spriteSourceSize": {"x":763,"y":75,"w":974,"h":524},
		"sourceSize": {"w":974,"h":524}
	},
	"feedI_00.png": {
		"frame": {"x":0, "y":833, "w":115, "h":83},
		"spriteSourceSize": {"x":671,"y":171,"w":974,"h":524},
		"sourceSize": {"w":974,"h":524}
	},
	"feedI_01.png": {
		"frame": {"x":0, "y":918, "w":115, "h":83},
		"spriteSourceSize": {"x":795,"y":273,"w":974,"h":524},
		"sourceSize": {"w":974,"h":524}
	},
	"feedI_02.png": {
		"frame": {"x":0, "y":918, "w":115, "h":83},
		"spriteSourceSize": {"x":795,"y":375,"w":974,"h":524},
		"sourceSize": {"w":974,"h":524}
	},
	"feedO_00.png": {
		"frame": {"x":0, "y":918, "w":115, "h":83},
		"spriteSourceSize": {"x":795,"y":171,"w":974,"h":524},
		"sourceSize": {"w":974,"h":524}
	},
	"feedO_01.png": {
		"frame": {"x":0, "y":833, "w":115, "h":83},
		"spriteSourceSize": {"x":671,"y":273,"w":974,"h":524},
		"sourceSize": {"w":974,"h":524}
	},
	"feedO_02.png": {
		"frame": {"x":0, "y":833, "w":115, "h":83},
		"spriteSourceSize": {"x":671,"y":375,"w":974,"h":524},
		"sourceSize": {"w":974,"h":524}
	},
	"img00.png": {
		"frame": {"x":0, "y":153, "w":277, "h":285},
		"spriteSourceSize": {"x":45,"y":37,"w":974,"h":524},
		"sourceSize": {"w":974,"h":524}
	},
	"img01.png": {
		"frame": {"x":0, "y":524, "w":274, "h":82},
		"spriteSourceSize": {"x":340,"y":175,"w":974,"h":524},
		"sourceSize": {"w":974,"h":524}
	},
	"img02.png": {
		"frame": {"x":0, "y":440, "w":274, "h":82},
		"spriteSourceSize": {"x":340,"y":279,"w":974,"h":524},
		"sourceSize": {"w":974,"h":524}
	},
	"img03.png": {
		"frame": {"x":0, "y":608, "w":274, "h":82},
		"spriteSourceSize": {"x":340,"y":378,"w":974,"h":524},
		"sourceSize": {"w":974,"h":524}
	}

},
"meta": {
	"image": "sprites.png",
	"size": {"w": 512, "h": 1024},
	"scale": "1"
}
}