{
"frames": {
	"audio00.png": {
		"frame": {"x":210, "y":481, "w":61, "h":59},
		"spriteSourceSize": {"x":466,"y":54,"w":974,"h":524},
		"sourceSize": {"w":974,"h":524}
	},
	"balaoE00.png": {
		"frame": {"x":0, "y":286, "w":276, "h":133},
		"spriteSourceSize": {"x":259,"y":37,"w":974,"h":524},
		"sourceSize": {"w":974,"h":524}
	},
	"boca00.png": {
		"frame": {"x":0, "y":966, "w":30, "h":28},
		"spriteSourceSize": {"x":147,"y":131,"w":974,"h":524},
		"sourceSize": {"w":974,"h":524}
	},
	"click00.png": {
		"frame": {"x":210, "y":420, "w":61, "h":60},
		"spriteSourceSize": {"x":547,"y":276,"w":974,"h":524},
		"sourceSize": {"w":974,"h":524}
	},
	"feedI_00.png": {
		"frame": {"x":0, "y":420, "w":209, "h":272},
		"spriteSourceSize": {"x":315,"y":179,"w":974,"h":524},
		"sourceSize": {"w":974,"h":524}
	},
	"feedO_00.png": {
		"frame": {"x":0, "y":693, "w":209, "h":272},
		"spriteSourceSize": {"x":626,"y":179,"w":974,"h":524},
		"sourceSize": {"w":974,"h":524}
	},
	"img00.png": {
		"frame": {"x":0, "y":0, "w":277, "h":285},
		"spriteSourceSize": {"x":15,"y":11,"w":974,"h":524},
		"sourceSize": {"w":974,"h":524}
	}

},
"meta": {
	"image": "sprites.png",
	"size": {"w": 512, "h": 1024},
	"scale": "1"
}
}