{
"frames": {
	"audio00.png": {
		"frame": {"x":222, "y":483, "w":61, "h":59},
		"spriteSourceSize": {"x":275,"y":135,"w":974,"h":524},
		"sourceSize": {"w":974,"h":524}
	},
	"balao01.png": {
		"frame": {"x":0, "y":424, "w":159, "h":126},
		"spriteSourceSize": {"x":118,"y":349,"w":974,"h":524},
		"sourceSize": {"w":974,"h":524}
	},
	"balaoE00.png": {
		"frame": {"x":0, "y":0, "w":264, "h":204},
		"spriteSourceSize": {"x":82,"y":36,"w":974,"h":524},
		"sourceSize": {"w":974,"h":524}
	},
	"boca00.png": {
		"frame": {"x":0, "y":969, "w":20, "h":19},
		"spriteSourceSize": {"x":183,"y":284,"w":974,"h":524},
		"sourceSize": {"w":974,"h":524}
	},
	"click00.png": {
		"frame": {"x":160, "y":483, "w":61, "h":60},
		"spriteSourceSize": {"x":294,"y":292,"w":974,"h":524},
		"sourceSize": {"w":974,"h":524}
	},
	"feedI_00.png": {
		"frame": {"x":132, "y":690, "w":131, "h":139},
		"spriteSourceSize": {"x":583,"y":29,"w":974,"h":524},
		"sourceSize": {"w":974,"h":524}
	},
	"feedI_01.png": {
		"frame": {"x":132, "y":551, "w":131, "h":138},
		"spriteSourceSize": {"x":581,"y":178,"w":974,"h":524},
		"sourceSize": {"w":974,"h":524}
	},
	"feedI_02.png": {
		"frame": {"x":0, "y":829, "w":131, "h":139},
		"spriteSourceSize": {"x":374,"y":328,"w":974,"h":524},
		"sourceSize": {"w":974,"h":524}
	},
	"feedI_03.png": {
		"frame": {"x":213, "y":344, "w":130, "h":138},
		"spriteSourceSize": {"x":581,"y":328,"w":974,"h":524},
		"sourceSize": {"w":974,"h":524}
	},
	"feedO_00.png": {
		"frame": {"x":132, "y":830, "w":130, "h":139},
		"spriteSourceSize": {"x":381,"y":30,"w":974,"h":524},
		"sourceSize": {"w":974,"h":524}
	},
	"feedO_01.png": {
		"frame": {"x":0, "y":690, "w":131, "h":138},
		"spriteSourceSize": {"x":781,"y":29,"w":974,"h":524},
		"sourceSize": {"w":974,"h":524}
	},
	"feedO_02.png": {
		"frame": {"x":0, "y":551, "w":131, "h":138},
		"spriteSourceSize": {"x":379,"y":178,"w":974,"h":524},
		"sourceSize": {"w":974,"h":524}
	},
	"feedO_03.png": {
		"frame": {"x":213, "y":205, "w":130, "h":138},
		"spriteSourceSize": {"x":779,"y":178,"w":974,"h":524},
		"sourceSize": {"w":974,"h":524}
	},
	"img00.png": {
		"frame": {"x":0, "y":205, "w":212, "h":218},
		"spriteSourceSize": {"x":82,"y":167,"w":974,"h":524},
		"sourceSize": {"w":974,"h":524}
	}

},
"meta": {
	"image": "sprites.png",
	"size": {"w": 512, "h": 1024},
	"scale": "1"
}
}