{
"frames": {
	"audio00.png": {
		"frame": {"x":736, "y":0, "w":61, "h":59},
		"spriteSourceSize": {"x":338,"y":391,"w":974,"h":524},
		"sourceSize": {"w":974,"h":524}
	},
	"img00.png": {
		"frame": {"x":513, "y":0, "w":221, "h":212},
		"spriteSourceSize": {"x":659,"y":190,"w":974,"h":524},
		"sourceSize": {"w":974,"h":524}
	},
	"img01.png": {
		"frame": {"x":0, "y":0, "w":511, "h":197},
		"spriteSourceSize": {"x":118,"y":173,"w":974,"h":524},
		"sourceSize": {"w":974,"h":524}
	}

},
"meta": {
	"image": "sprites.png",
	"size": {"w": 1024, "h": 256},
	"scale": "1"
}
}