<?xml version="1.0" encoding="UTF-8"?>
<manifest xmlns="http://www.imsproject.org/xsd/imscp_rootv1p1p2" xmlns:imsmd="http://www.imsglobal.org/xsd/imsmd_rootv1p2p1" 
xmlns:xsi="http://www.w3.org/2001/XMLSchema-instance" xmlns:adlcp="http://www.adlnet.org/xsd/adlcp_rootv1p2" identifier="MANIFEST01" xsi:schemaLocation="http://www.imsproject.org/xsd/imscp_rootv1p1p2 imscp_rootv1p1p2.xsd 
http://www.imsglobal.org/xsd/imsmd_rootv1p2p1 imsmd_rootv1p2p1.xsd 
http://www.adlnet.org/xsd/adlcp_rootv1p2 adlcp_rootv1p2.xsd">
	<metadata>
		<schema>ADL SCORM</schema>
		<schemaversion>1.2</schemaversion>
		<adlcp:location>imsmetadata.xml</adlcp:location>
	</metadata>
	<organizations default="AE_01">
		<organization identifier="AE_01">
		<title>Autonomia e Escola</title>
            
            
		<item identifier="ITEM_01" identifierref="RES_01" isvisible="true">
			<title>Introdução</title>
		</item>
        <item identifier="ITEM_02" identifierref="RES_02" isvisible="true">
			<title>A própria autonomia</title>
		</item>
        <item identifier="ITEM_03" identifierref="RES_03" isvisible="true">
			<title>Exercícios a própria autonomia</title>
		</item>
        <item identifier="ITEM_04" identifierref="RES_04" isvisible="true">
			<title>Normas e organização da aula e da escola</title>
		</item>
        <item identifier="ITEM_05" identifierref="RES_05" isvisible="true">
			<title>Exercícios normas e organização da aula e da escola</title>
		</item>
        <item identifier="ITEM_06" identifierref="RES_06" isvisible="true">
			<title>Uso do material escolar</title>
		</item>
        <item identifier="ITEM_07" identifierref="RES_07" isvisible="true">
			<title>Exercícios uso do material escolar</title>
		</item>
        <item identifier="ITEM_08" identifierref="RES_08" isvisible="true">
			<title>Leitura da história do Pinóquio</title>
		</item>
        <item identifier="ITEM_09" identifierref="RES_09" isvisible="true">
			<title>Exercício leitura da história do Pinóquio</title>
		</item>
        <item identifier="ITEM_10" identifierref="RES_10" isvisible="true">
			<title>Encerramento</title>
		</item>
        
		 
		</organization>
	</organizations>
	<resources>
		<resource identifier="RES_01" type="webcontent" adlcp:scormtype="sco" href="curso/index.html?separar=0_1" />
		<resource identifier="RES_02" type="webcontent" adlcp:scormtype="sco" href="curso/index.html?separar=2_7" />
		<resource identifier="RES_03" type="webcontent" adlcp:scormtype="sco" href="curso/index.html?separar=8_9" />
		<resource identifier="RES_04" type="webcontent" adlcp:scormtype="sco" href="curso/index.html?separar=10_16" />
		<resource identifier="RES_05" type="webcontent" adlcp:scormtype="sco" href="curso/index.html?separar=17_22" />
		<resource identifier="RES_06" type="webcontent" adlcp:scormtype="sco" href="curso/index.html?separar=23_26" />
		<resource identifier="RES_07" type="webcontent" adlcp:scormtype="sco" href="curso/index.html?separar=27_27" />
		<resource identifier="RES_08" type="webcontent" adlcp:scormtype="sco" href="curso/index.html?separar=28_29" />
		<resource identifier="RES_09" type="webcontent" adlcp:scormtype="sco" href="curso/index.html?separar=30_32" />
		<resource identifier="RES_10" type="webcontent" adlcp:scormtype="sco" href="curso/index.html?separar=33_33" />
	</resources>
</manifest>