{
"frames": {
	"audio00.png": {
		"frame": {"x":0, "y":948, "w":61, "h":59},
		"spriteSourceSize": {"x":461,"y":70,"w":974,"h":524},
		"sourceSize": {"w":974,"h":524}
	},
	"balaoE00.png": {
		"frame": {"x":0, "y":0, "w":281, "h":115},
		"spriteSourceSize": {"x":248,"y":51,"w":974,"h":524},
		"sourceSize": {"w":974,"h":524}
	},
	"boca00.png": {
		"frame": {"x":124, "y":948, "w":30, "h":28},
		"spriteSourceSize": {"x":148,"y":133,"w":974,"h":524},
		"sourceSize": {"w":974,"h":524}
	},
	"click00.png": {
		"frame": {"x":62, "y":948, "w":61, "h":60},
		"spriteSourceSize": {"x":547,"y":276,"w":974,"h":524},
		"sourceSize": {"w":974,"h":524}
	},
	"feedI_00.png": {
		"frame": {"x":0, "y":675, "w":209, "h":272},
		"spriteSourceSize": {"x":627,"y":179,"w":974,"h":524},
		"sourceSize": {"w":974,"h":524}
	},
	"feedO_00.png": {
		"frame": {"x":0, "y":402, "w":209, "h":272},
		"spriteSourceSize": {"x":315,"y":179,"w":974,"h":524},
		"sourceSize": {"w":974,"h":524}
	},
	"img00.png": {
		"frame": {"x":0, "y":116, "w":277, "h":285},
		"spriteSourceSize": {"x":15,"y":11,"w":974,"h":524},
		"sourceSize": {"w":974,"h":524}
	}

},
"meta": {
	"image": "sprites.png",
	"size": {"w": 512, "h": 1024},
	"scale": "1"
}
}