{
"frames": {
	"audio00.png": {
		"frame": {"x":0, "y":964, "w":61, "h":59},
		"spriteSourceSize": {"x":475,"y":53,"w":974,"h":524},
		"sourceSize": {"w":974,"h":524}
	},
	"balao01.png": {
		"frame": {"x":210, "y":418, "w":152, "h":184},
		"spriteSourceSize": {"x":75,"y":236,"w":974,"h":524},
		"sourceSize": {"w":974,"h":524}
	},
	"balaoE00.png": {
		"frame": {"x":0, "y":0, "w":294, "h":131},
		"spriteSourceSize": {"x":250,"y":38,"w":974,"h":524},
		"sourceSize": {"w":974,"h":524}
	},
	"boca00.png": {
		"frame": {"x":62, "y":964, "w":30, "h":28},
		"spriteSourceSize": {"x":148,"y":130,"w":974,"h":524},
		"sourceSize": {"w":974,"h":524}
	},
	"click00.png": {
		"frame": {"x":210, "y":603, "w":61, "h":60},
		"spriteSourceSize": {"x":547,"y":276,"w":974,"h":524},
		"sourceSize": {"w":974,"h":524}
	},
	"feedI_00.png": {
		"frame": {"x":0, "y":691, "w":209, "h":272},
		"spriteSourceSize": {"x":315,"y":180,"w":974,"h":524},
		"sourceSize": {"w":974,"h":524}
	},
	"feedO_00.png": {
		"frame": {"x":0, "y":418, "w":209, "h":272},
		"spriteSourceSize": {"x":627,"y":180,"w":974,"h":524},
		"sourceSize": {"w":974,"h":524}
	},
	"img00.png": {
		"frame": {"x":0, "y":132, "w":277, "h":285},
		"spriteSourceSize": {"x":15,"y":11,"w":974,"h":524},
		"sourceSize": {"w":974,"h":524}
	}

},
"meta": {
	"image": "sprites.png",
	"size": {"w": 512, "h": 1024},
	"scale": "1"
}
}