{
"frames": {
	"audio00.png": {
		"frame": {"x":220, "y":260, "w":61, "h":59},
		"spriteSourceSize": {"x":353,"y":98,"w":974,"h":524},
		"sourceSize": {"w":974,"h":524}
	},
	"balao00.png": {
		"frame": {"x":0, "y":97, "w":290, "h":161},
		"spriteSourceSize": {"x":339,"y":65,"w":974,"h":524},
		"sourceSize": {"w":974,"h":524}
	},
	"balao01.png": {
		"frame": {"x":0, "y":260, "w":218, "h":140},
		"spriteSourceSize": {"x":233,"y":51,"w":974,"h":524},
		"sourceSize": {"w":974,"h":524}
	},
	"balao02.png": {
		"frame": {"x":143, "y":700, "w":131, "h":106},
		"spriteSourceSize": {"x":453,"y":117,"w":974,"h":524},
		"sourceSize": {"w":974,"h":524}
	},
	"boca00.png": {
		"frame": {"x":0, "y":967, "w":20, "h":19},
		"spriteSourceSize": {"x":253,"y":244,"w":974,"h":524},
		"sourceSize": {"w":974,"h":524}
	},
	"boca01.png": {
		"frame": {"x":0, "y":967, "w":20, "h":19},
		"spriteSourceSize": {"x":599,"y":254,"w":974,"h":524},
		"sourceSize": {"w":974,"h":524}
	},
	"boca02.png": {
		"frame": {"x":0, "y":967, "w":20, "h":19},
		"spriteSourceSize": {"x":734,"y":250,"w":974,"h":524},
		"sourceSize": {"w":974,"h":524}
	},
	"img00.png": {
		"frame": {"x":143, "y":808, "w":126, "h":154},
		"spriteSourceSize": {"x":361,"y":217,"w":974,"h":524},
		"sourceSize": {"w":974,"h":524}
	},
	"img01.png": {
		"frame": {"x":0, "y":0, "w":307, "h":95},
		"spriteSourceSize": {"x":207,"y":371,"w":974,"h":524},
		"sourceSize": {"w":974,"h":524}
	},
	"img02.png": {
		"frame": {"x":0, "y":700, "w":141, "h":265},
		"spriteSourceSize": {"x":539,"y":188,"w":974,"h":524},
		"sourceSize": {"w":974,"h":524}
	},
	"img03.png": {
		"frame": {"x":0, "y":402, "w":177, "h":296},
		"spriteSourceSize": {"x":174,"y":172,"w":974,"h":524},
		"sourceSize": {"w":974,"h":524}
	},
	"img04.png": {
		"frame": {"x":179, "y":402, "w":125, "h":261},
		"spriteSourceSize": {"x":680,"y":198,"w":974,"h":524},
		"sourceSize": {"w":974,"h":524}
	}

},
"meta": {
	"image": "sprites.png",
	"size": {"w": 512, "h": 1024},
	"scale": "1"
}
}