{
"frames": {
	"audio00.png": {
		"frame": {"x":0, "y":782, "w":61, "h":59},
		"spriteSourceSize": {"x":412,"y":222,"w":974,"h":524},
		"sourceSize": {"w":974,"h":524}
	},
	"balao00.png": {
		"frame": {"x":0, "y":0, "w":278, "h":131},
		"spriteSourceSize": {"x":404,"y":200,"w":974,"h":524},
		"sourceSize": {"w":974,"h":524}
	},
	"balao01.png": {
		"frame": {"x":0, "y":132, "w":245, "h":142},
		"spriteSourceSize": {"x":241,"y":184,"w":974,"h":524},
		"sourceSize": {"w":974,"h":524}
	},
	"balao02.png": {
		"frame": {"x":0, "y":871, "w":1, "h":1},
		"spriteSourceSize": {"x":730,"y":318,"w":974,"h":524},
		"sourceSize": {"w":974,"h":524}
	},
	"boca00.png": {
		"frame": {"x":0, "y":842, "w":30, "h":28},
		"spriteSourceSize": {"x":155,"y":311,"w":974,"h":524},
		"sourceSize": {"w":974,"h":524}
	},
	"boca01.png": {
		"frame": {"x":0, "y":842, "w":30, "h":28},
		"spriteSourceSize": {"x":754,"y":320,"w":974,"h":524},
		"sourceSize": {"w":974,"h":524}
	},
	"img00.png": {
		"frame": {"x":0, "y":494, "w":211, "h":287},
		"spriteSourceSize": {"x":65,"y":235,"w":974,"h":524},
		"sourceSize": {"w":974,"h":524}
	},
	"img01.png": {
		"frame": {"x":212, "y":494, "w":210, "h":290},
		"spriteSourceSize": {"x":669,"y":234,"w":974,"h":524},
		"sourceSize": {"w":974,"h":524}
	},
	"img02.png": {
		"frame": {"x":0, "y":275, "w":227, "h":218},
		"spriteSourceSize": {"x":377,"y":83,"w":974,"h":524},
		"sourceSize": {"w":974,"h":524}
	}

},
"meta": {
	"image": "sprites.png",
	"size": {"w": 512, "h": 1024},
	"scale": "1"
}
}