{
"frames": {
	"bexigaAnima0001.png": {
		"frame": {"x":141, "y":633, "w":139, "h":209},
		"spriteSourceSize": {"x":0,"y":0,"w":139,"h":209},
		"sourceSize": {"w":139,"h":209}
	},
	"bexigaAnima0002.png": {
		"frame": {"x":423, "y":211, "w":139, "h":209},
		"spriteSourceSize": {"x":0,"y":0,"w":139,"h":209},
		"sourceSize": {"w":139,"h":209}
	},
	"bexigaAnima0003.png": {
		"frame": {"x":423, "y":0, "w":139, "h":209},
		"spriteSourceSize": {"x":0,"y":0,"w":139,"h":209},
		"sourceSize": {"w":139,"h":209}
	},
	"bexigaAnima0004.png": {
		"frame": {"x":282, "y":633, "w":139, "h":209},
		"spriteSourceSize": {"x":0,"y":0,"w":139,"h":209},
		"sourceSize": {"w":139,"h":209}
	},
	"bexigaAnima0005.png": {
		"frame": {"x":282, "y":422, "w":139, "h":209},
		"spriteSourceSize": {"x":0,"y":0,"w":139,"h":209},
		"sourceSize": {"w":139,"h":209}
	},
	"bexigaAnima0006.png": {
		"frame": {"x":282, "y":211, "w":139, "h":209},
		"spriteSourceSize": {"x":0,"y":0,"w":139,"h":209},
		"sourceSize": {"w":139,"h":209}
	},
	"bexigaAnima0007.png": {
		"frame": {"x":282, "y":0, "w":139, "h":209},
		"spriteSourceSize": {"x":0,"y":0,"w":139,"h":209},
		"sourceSize": {"w":139,"h":209}
	},
	"bexigaAnima0008.png": {
		"frame": {"x":423, "y":422, "w":139, "h":209},
		"spriteSourceSize": {"x":0,"y":0,"w":139,"h":209},
		"sourceSize": {"w":139,"h":209}
	},
	"bexigaAnima0009.png": {
		"frame": {"x":141, "y":422, "w":139, "h":209},
		"spriteSourceSize": {"x":0,"y":0,"w":139,"h":209},
		"sourceSize": {"w":139,"h":209}
	},
	"bexigaAnima0010.png": {
		"frame": {"x":141, "y":211, "w":139, "h":209},
		"spriteSourceSize": {"x":0,"y":0,"w":139,"h":209},
		"sourceSize": {"w":139,"h":209}
	},
	"bexigaAnima0011.png": {
		"frame": {"x":141, "y":0, "w":139, "h":209},
		"spriteSourceSize": {"x":0,"y":0,"w":139,"h":209},
		"sourceSize": {"w":139,"h":209}
	},
	"bexigaAnima0012.png": {
		"frame": {"x":0, "y":633, "w":139, "h":209},
		"spriteSourceSize": {"x":0,"y":0,"w":139,"h":209},
		"sourceSize": {"w":139,"h":209}
	},
	"bexigaAnima0013.png": {
		"frame": {"x":0, "y":422, "w":139, "h":209},
		"spriteSourceSize": {"x":0,"y":0,"w":139,"h":209},
		"sourceSize": {"w":139,"h":209}
	},
	"bexigaAnima0014.png": {
		"frame": {"x":0, "y":211, "w":139, "h":209},
		"spriteSourceSize": {"x":0,"y":0,"w":139,"h":209},
		"sourceSize": {"w":139,"h":209}
	},
	"bexigaAnima0015.png": {
		"frame": {"x":0, "y":0, "w":139, "h":209},
		"spriteSourceSize": {"x":0,"y":0,"w":139,"h":209},
		"sourceSize": {"w":139,"h":209}
	}

},
"meta": {
	"image": "bexiga.png",
	"size": {"w": 1024, "h": 1024},
	"scale": "1"
}
}