{
"frames": {
	"audio00.png": {
		"frame": {"x":255, "y":537, "w":61, "h":59},
		"spriteSourceSize": {"x":210,"y":137,"w":974,"h":524},
		"sourceSize": {"w":974,"h":524}
	},
	"balao00.png": {
		"frame": {"x":0, "y":377, "w":265, "h":159},
		"spriteSourceSize": {"x":202,"y":114,"w":974,"h":524},
		"sourceSize": {"w":974,"h":524}
	},
	"balao01.png": {
		"frame": {"x":0, "y":177, "w":279, "h":199},
		"spriteSourceSize": {"x":420,"y":254,"w":974,"h":524},
		"sourceSize": {"w":974,"h":524}
	},
	"balao02.png": {
		"frame": {"x":0, "y":537, "w":254, "h":114},
		"spriteSourceSize": {"x":225,"y":290,"w":974,"h":524},
		"sourceSize": {"w":974,"h":524}
	},
	"boca00.png": {
		"frame": {"x":0, "y":981, "w":30, "h":28},
		"spriteSourceSize": {"x":143,"y":288,"w":974,"h":524},
		"sourceSize": {"w":974,"h":524}
	},
	"boca01.png": {
		"frame": {"x":0, "y":981, "w":30, "h":28},
		"spriteSourceSize": {"x":790,"y":290,"w":974,"h":524},
		"sourceSize": {"w":974,"h":524}
	},
	"img00.png": {
		"frame": {"x":0, "y":652, "w":240, "h":328},
		"spriteSourceSize": {"x":38,"y":194,"w":974,"h":524},
		"sourceSize": {"w":974,"h":524}
	},
	"img01.png": {
		"frame": {"x":241, "y":652, "w":214, "h":332},
		"spriteSourceSize": {"x":698,"y":192,"w":974,"h":524},
		"sourceSize": {"w":974,"h":524}
	},
	"img02.png": {
		"frame": {"x":0, "y":0, "w":433, "h":176},
		"spriteSourceSize": {"x":288,"y":104,"w":974,"h":524},
		"sourceSize": {"w":974,"h":524}
	}

},
"meta": {
	"image": "sprites.png",
	"size": {"w": 512, "h": 1024},
	"scale": "1"
}
}