{
"frames": {
	"audio00.png": {
		"frame": {"x":142, "y":926, "w":61, "h":59},
		"spriteSourceSize": {"x":119,"y":107,"w":974,"h":524},
		"sourceSize": {"w":974,"h":524}
	},
	"balao00.png": {
		"frame": {"x":0, "y":0, "w":459, "h":148},
		"spriteSourceSize": {"x":106,"y":30,"w":974,"h":524},
		"sourceSize": {"w":974,"h":524}
	},
	"boca00.png": {
		"frame": {"x":173, "y":986, "w":30, "h":28},
		"spriteSourceSize": {"x":139,"y":270,"w":974,"h":524},
		"sourceSize": {"w":974,"h":524}
	},
	"boca01.png": {
		"frame": {"x":173, "y":986, "w":30, "h":28},
		"spriteSourceSize": {"x":466,"y":263,"w":974,"h":524},
		"sourceSize": {"w":974,"h":524}
	},
	"click00.png": {
		"frame": {"x":142, "y":865, "w":61, "h":60},
		"spriteSourceSize": {"x":851,"y":320,"w":974,"h":524},
		"sourceSize": {"w":974,"h":524}
	},
	"focinhoGato00.png": {
		"frame": {"x":142, "y":986, "w":30, "h":26},
		"spriteSourceSize": {"x":582,"y":113,"w":974,"h":524},
		"sourceSize": {"w":974,"h":524}
	},
	"img01.png": {
		"frame": {"x":0, "y":508, "w":234, "h":356},
		"spriteSourceSize": {"x":42,"y":166,"w":974,"h":524},
		"sourceSize": {"w":974,"h":524}
	},
	"img02.png": {
		"frame": {"x":0, "y":149, "w":240, "h":358},
		"spriteSourceSize": {"x":363,"y":166,"w":974,"h":524},
		"sourceSize": {"w":974,"h":524}
	},
	"img03.png": {
		"frame": {"x":0, "y":865, "w":141, "h":144},
		"spriteSourceSize": {"x":570,"y":86,"w":974,"h":524},
		"sourceSize": {"w":974,"h":524}
	},
	"img04.png": {
		"frame": {"x":235, "y":508, "w":222, "h":268},
		"spriteSourceSize": {"x":711,"y":114,"w":974,"h":524},
		"sourceSize": {"w":974,"h":524}
	}

},
"meta": {
	"image": "sprites.png",
	"size": {"w": 512, "h": 1024},
	"scale": "1"
}
}