{
"frames": {
	"audio00.png": {
		"frame": {"x":0, "y":409, "w":61, "h":59},
		"spriteSourceSize": {"x":311,"y":71,"w":974,"h":524},
		"sourceSize": {"w":974,"h":524}
	},
	"balao00.png": {
		"frame": {"x":0, "y":0, "w":264, "h":127},
		"spriteSourceSize": {"x":114,"y":48,"w":974,"h":524},
		"sourceSize": {"w":974,"h":524}
	},
	"balao01.png": {
		"frame": {"x":0, "y":129, "w":218, "h":139},
		"spriteSourceSize": {"x":598,"y":76,"w":974,"h":524},
		"sourceSize": {"w":974,"h":524}
	},
	"boca00.png": {
		"frame": {"x":0, "y":470, "w":15, "h":14},
		"spriteSourceSize": {"x":314,"y":220,"w":974,"h":524},
		"sourceSize": {"w":974,"h":524}
	},
	"boca01.png": {
		"frame": {"x":0, "y":470, "w":15, "h":14},
		"spriteSourceSize": {"x":775,"y":282,"w":974,"h":524},
		"sourceSize": {"w":974,"h":524}
	},
	"img00.png": {
		"frame": {"x":352, "y":0, "w":112, "h":238},
		"spriteSourceSize": {"x":264,"y":165,"w":974,"h":524},
		"sourceSize": {"w":974,"h":524}
	},
	"img01.png": {
		"frame": {"x":128, "y":379, "w":107, "h":109},
		"spriteSourceSize": {"x":438,"y":393,"w":974,"h":524},
		"sourceSize": {"w":974,"h":524}
	},
	"img02.png": {
		"frame": {"x":220, "y":129, "w":130, "h":248},
		"spriteSourceSize": {"x":714,"y":218,"w":974,"h":524},
		"sourceSize": {"w":974,"h":524}
	},
	"img03.png": {
		"frame": {"x":0, "y":270, "w":126, "h":137},
		"spriteSourceSize": {"x":385,"y":247,"w":974,"h":524},
		"sourceSize": {"w":974,"h":524}
	}

},
"meta": {
	"image": "sprites.png",
	"size": {"w": 512, "h": 512},
	"scale": "1"
}
}