{
"frames": {
	"audio00.png": {
		"frame": {"x":0, "y":759, "w":61, "h":59},
		"spriteSourceSize": {"x":697,"y":97,"w":974,"h":524},
		"sourceSize": {"w":974,"h":524}
	},
	"balao00.png": {
		"frame": {"x":0, "y":196, "w":290, "h":135},
		"spriteSourceSize": {"x":475,"y":78,"w":974,"h":518},
		"sourceSize": {"w":974,"h":518}
	},
	"balao01.png": {
		"frame": {"x":0, "y":0, "w":291, "h":194},
		"spriteSourceSize": {"x":271,"y":22,"w":974,"h":524},
		"sourceSize": {"w":974,"h":524}
	},
	"balao02.png": {
		"frame": {"x":0, "y":333, "w":193, "h":135},
		"spriteSourceSize": {"x":653,"y":87,"w":974,"h":524},
		"sourceSize": {"w":974,"h":524}
	},
	"balao03.png": {
		"frame": {"x":0, "y":882, "w":1, "h":1},
		"spriteSourceSize": {"x":200,"y":218,"w":974,"h":524},
		"sourceSize": {"w":974,"h":524}
	},
	"boca00.png": {
		"frame": {"x":0, "y":861, "w":20, "h":19},
		"spriteSourceSize": {"x":162,"y":230,"w":974,"h":524},
		"sourceSize": {"w":974,"h":524}
	},
	"boca01.png": {
		"frame": {"x":0, "y":861, "w":20, "h":19},
		"spriteSourceSize": {"x":364,"y":240,"w":974,"h":524},
		"sourceSize": {"w":974,"h":524}
	},
	"boca02.png": {
		"frame": {"x":0, "y":861, "w":20, "h":19},
		"spriteSourceSize": {"x":584,"y":230,"w":974,"h":524},
		"sourceSize": {"w":974,"h":524}
	},
	"boca03.png": {
		"frame": {"x":0, "y":861, "w":20, "h":19},
		"spriteSourceSize": {"x":796,"y":254,"w":974,"h":524},
		"sourceSize": {"w":974,"h":524}
	},
	"img00.png": {
		"frame": {"x":0, "y":470, "w":167, "h":287},
		"spriteSourceSize": {"x":725,"y":187,"w":974,"h":524},
		"sourceSize": {"w":974,"h":524}
	},
	"img01.png": {
		"frame": {"x":293, "y":0, "w":152, "h":303},
		"spriteSourceSize": {"x":295,"y":167,"w":974,"h":524},
		"sourceSize": {"w":974,"h":524}
	},
	"img02.png": {
		"frame": {"x":0, "y":820, "w":49, "h":39},
		"spriteSourceSize": {"x":359,"y":305,"w":974,"h":524},
		"sourceSize": {"w":974,"h":524}
	},
	"img03.png": {
		"frame": {"x":169, "y":470, "w":153, "h":335},
		"spriteSourceSize": {"x":522,"y":169,"w":951,"h":514},
		"sourceSize": {"w":951,"h":514}
	},
	"img04.png": {
		"frame": {"x":324, "y":305, "w":142, "h":338},
		"spriteSourceSize": {"x":104,"y":159,"w":974,"h":524},
		"sourceSize": {"w":974,"h":524}
	}

},
"meta": {
	"image": "sprites.png",
	"size": {"w": 512, "h": 1024},
	"scale": "1"
}
}