{
"frames": {
	"areaDrag.png": {
		"frame": {"x":322, "y":584, "w":313, "h":415},
		"spriteSourceSize": {"x":611,"y":46,"w":974,"h":524},
		"sourceSize": {"w":974,"h":524}
	},
	"audio00.png": {
		"frame": {"x":215, "y":809, "w":61, "h":59},
		"spriteSourceSize": {"x":454,"y":68,"w":974,"h":524},
		"sourceSize": {"w":974,"h":524}
	},
	"audio01.png": {
		"frame": {"x":215, "y":809, "w":61, "h":59},
		"spriteSourceSize": {"x":528,"y":240,"w":974,"h":524},
		"sourceSize": {"w":974,"h":524}
	},
	"audio02.png": {
		"frame": {"x":215, "y":809, "w":61, "h":59},
		"spriteSourceSize": {"x":500,"y":318,"w":974,"h":524},
		"sourceSize": {"w":974,"h":524}
	},
	"audio03.png": {
		"frame": {"x":215, "y":809, "w":61, "h":59},
		"spriteSourceSize": {"x":523,"y":397,"w":974,"h":524},
		"sourceSize": {"w":974,"h":524}
	},
	"audio04.png": {
		"frame": {"x":215, "y":809, "w":61, "h":59},
		"spriteSourceSize": {"x":176,"y":267,"w":974,"h":524},
		"sourceSize": {"w":974,"h":524}
	},
	"audio05.png": {
		"frame": {"x":215, "y":809, "w":61, "h":59},
		"spriteSourceSize": {"x":240,"y":336,"w":974,"h":524},
		"sourceSize": {"w":974,"h":524}
	},
	"audio06.png": {
		"frame": {"x":215, "y":809, "w":61, "h":59},
		"spriteSourceSize": {"x":296,"y":407,"w":974,"h":524},
		"sourceSize": {"w":974,"h":524}
	},
	"balao01.png": {
		"frame": {"x":0, "y":809, "w":214, "h":82},
		"spriteSourceSize": {"x":172,"y":172,"w":974,"h":524},
		"sourceSize": {"w":974,"h":524}
	},
	"balaoE00.png": {
		"frame": {"x":0, "y":444, "w":326, "h":139},
		"spriteSourceSize": {"x":197,"y":29,"w":974,"h":524},
		"sourceSize": {"w":974,"h":524}
	},
	"boca00.png": {
		"frame": {"x":0, "y":1001, "w":20, "h":19},
		"spriteSourceSize": {"x":115,"y":132,"w":974,"h":524},
		"sourceSize": {"w":974,"h":524}
	},
	"drag00.png": {
		"frame": {"x":0, "y":892, "w":192, "h":34},
		"spriteSourceSize": {"x":86,"y":422,"w":974,"h":524},
		"sourceSize": {"w":974,"h":524}
	},
	"drag01.png": {
		"frame": {"x":144, "y":964, "w":108, "h":34},
		"spriteSourceSize": {"x":407,"y":255,"w":974,"h":524},
		"sourceSize": {"w":974,"h":524}
	},
	"drag02.png": {
		"frame": {"x":0, "y":964, "w":143, "h":36},
		"spriteSourceSize": {"x":348,"y":335,"w":974,"h":524},
		"sourceSize": {"w":974,"h":524}
	},
	"drag03.png": {
		"frame": {"x":193, "y":892, "w":86, "h":34},
		"spriteSourceSize": {"x":424,"y":411,"w":974,"h":524},
		"sourceSize": {"w":974,"h":524}
	},
	"drag04.png": {
		"frame": {"x":148, "y":927, "w":87, "h":34},
		"spriteSourceSize": {"x":71,"y":283,"w":974,"h":524},
		"sourceSize": {"w":974,"h":524}
	},
	"drag05.png": {
		"frame": {"x":0, "y":927, "w":147, "h":36},
		"spriteSourceSize": {"x":84,"y":352,"w":974,"h":524},
		"sourceSize": {"w":974,"h":524}
	},
	"img00.png": {
		"frame": {"x":347, "y":242, "w":219, "h":225},
		"spriteSourceSize": {"x":18,"y":12,"w":974,"h":524},
		"sourceSize": {"w":974,"h":524}
	},
	"img01.png": {
		"frame": {"x":0, "y":0, "w":346, "h":443},
		"spriteSourceSize": {"x":595,"y":33,"w":974,"h":524},
		"sourceSize": {"w":974,"h":524}
	},
	"img02.png": {
		"frame": {"x":0, "y":584, "w":321, "h":224},
		"spriteSourceSize": {"x":45,"y":254,"w":974,"h":524},
		"sourceSize": {"w":974,"h":524}
	},
	"img03.png": {
		"frame": {"x":347, "y":0, "w":268, "h":241},
		"spriteSourceSize": {"x":331,"y":226,"w":974,"h":524},
		"sourceSize": {"w":974,"h":524}
	},
	"img04.png": {
		"frame": {"x":253, "y":927, "w":61, "h":60},
		"spriteSourceSize": {"x":286,"y":258,"w":974,"h":524},
		"sourceSize": {"w":974,"h":524}
	}

},
"meta": {
	"image": "sprites.png",
	"size": {"w": 1024, "h": 1024},
	"scale": "1"
}
}