{
"frames": {
	"audio00.png": {
		"frame": {"x":0, "y":899, "w":61, "h":59},
		"spriteSourceSize": {"x":851,"y":142,"w":974,"h":524},
		"sourceSize": {"w":974,"h":524}
	},
	"balao00.png": {
		"frame": {"x":0, "y":517, "w":317, "h":180},
		"spriteSourceSize": {"x":601,"y":131,"w":974,"h":524},
		"sourceSize": {"w":974,"h":524}
	},
	"balao01.png": {
		"frame": {"x":250, "y":698, "w":237, "h":200},
		"spriteSourceSize": {"x":638,"y":110,"w":974,"h":524},
		"sourceSize": {"w":974,"h":524}
	},
	"balao02.png": {
		"frame": {"x":0, "y":698, "w":249, "h":169},
		"spriteSourceSize": {"x":617,"y":147,"w":974,"h":524},
		"sourceSize": {"w":974,"h":524}
	},
	"balao03.png": {
		"frame": {"x":318, "y":517, "w":227, "h":177},
		"spriteSourceSize": {"x":623,"y":133,"w":974,"h":524},
		"sourceSize": {"w":974,"h":524}
	},
	"balao04.png": {
		"frame": {"x":434, "y":289, "w":223, "h":157},
		"spriteSourceSize": {"x":621,"y":151,"w":974,"h":524},
		"sourceSize": {"w":974,"h":524}
	},
	"boca00.png": {
		"frame": {"x":0, "y":959, "w":20, "h":19},
		"spriteSourceSize": {"x":557,"y":310,"w":974,"h":524},
		"sourceSize": {"w":974,"h":524}
	},
	"img00.png": {
		"frame": {"x":0, "y":0, "w":620, "h":288},
		"spriteSourceSize": {"x":249,"y":236,"w":974,"h":524},
		"sourceSize": {"w":974,"h":524}
	},
	"img01.png": {
		"frame": {"x":0, "y":466, "w":388, "h":50},
		"spriteSourceSize": {"x":337,"y":410,"w":974,"h":524},
		"sourceSize": {"w":974,"h":524}
	},
	"img02.png": {
		"frame": {"x":0, "y":289, "w":433, "h":176},
		"spriteSourceSize": {"x":106,"y":106,"w":974,"h":524},
		"sourceSize": {"w":974,"h":524}
	}

},
"meta": {
	"image": "sprites.png",
	"size": {"w": 1024, "h": 1024},
	"scale": "1"
}
}