{
  "frames": {
    "vslider-thumb-hover-skin": {
      "trimmed": false, 
      "frame": {
        "y": 240, 
        "x": 37, 
        "w": 13, 
        "h": 13
      }, 
      "rotated": false, 
      "sourceSize": {
        "h": 13, 
        "w": 13
      }, 
      "spriteSourceSize": {
        "y": 0, 
        "x": 0, 
        "w": 13, 
        "h": 13
      }
    }, 
    "vertical-scroll-bar-increment-button-icon": {
      "trimmed": false, 
      "frame": {
        "y": 36, 
        "x": 245, 
        "w": 7, 
        "h": 4
      }, 
      "rotated": false, 
      "sourceSize": {
        "h": 4, 
        "w": 7
      }, 
      "spriteSourceSize": {
        "y": 0, 
        "x": 0, 
        "w": 7, 
        "h": 4
      }
    }, 
    "vslider-track-skin": {
      "trimmed": false, 
      "frame": {
        "y": 62, 
        "x": 3, 
        "w": 3, 
        "h": 79
      }, 
      "rotated": false, 
      "sourceSize": {
        "h": 79, 
        "w": 3
      }, 
      "spriteSourceSize": {
        "y": 0, 
        "x": 0, 
        "w": 3, 
        "h": 79
      }
    }, 
    "text-input-background-skin": {
      "trimmed": false, 
      "frame": {
        "y": 3, 
        "x": 3, 
        "w": 152, 
        "h": 22
      }, 
      "rotated": false, 
      "sourceSize": {
        "h": 22, 
        "w": 152
      }, 
      "spriteSourceSize": {
        "y": 0, 
        "x": 0, 
        "w": 152, 
        "h": 22
      }
    }, 
    "check-selected-disabled-icon": {
      "trimmed": false, 
      "frame": {
        "y": 223, 
        "x": 194, 
        "w": 14, 
        "h": 14
      }, 
      "rotated": false, 
      "sourceSize": {
        "h": 14, 
        "w": 14
      }, 
      "spriteSourceSize": {
        "y": 0, 
        "x": 0, 
        "w": 14, 
        "h": 14
      }
    }, 
    "vertical-scroll-bar-step-button-up-skin": {
      "trimmed": false, 
      "frame": {
        "y": 152, 
        "x": 96, 
        "w": 15, 
        "h": 14
      }, 
      "rotated": false, 
      "sourceSize": {
        "h": 14, 
        "w": 15
      }, 
      "spriteSourceSize": {
        "y": 0, 
        "x": 0, 
        "w": 15, 
        "h": 14
      }
    }, 
    "item-renderer-up-skin": {
      "trimmed": false, 
      "frame": {
        "y": 88, 
        "x": 70, 
        "w": 4, 
        "h": 4
      }, 
      "rotated": false, 
      "sourceSize": {
        "h": 4, 
        "w": 4
      }, 
      "spriteSourceSize": {
        "y": 0, 
        "x": 0, 
        "w": 4, 
        "h": 4
      }
    }, 
    "simple-border-background-skin": {
      "trimmed": false, 
      "frame": {
        "y": 52, 
        "x": 245, 
        "w": 6, 
        "h": 6
      }, 
      "rotated": false, 
      "sourceSize": {
        "h": 6, 
        "w": 6
      }, 
      "spriteSourceSize": {
        "y": 0, 
        "x": 0, 
        "w": 6, 
        "h": 6
      }
    }, 
    "numeric-stepper-decrement-button-disabled-skin": {
      "trimmed": false, 
      "frame": {
        "y": 136, 
        "x": 96, 
        "w": 21, 
        "h": 12
      }, 
      "rotated": false, 
      "sourceSize": {
        "h": 12, 
        "w": 21
      }, 
      "spriteSourceSize": {
        "y": 0, 
        "x": 0, 
        "w": 21, 
        "h": 12
      }
    }, 
    "numeric-stepper-decrement-button-down-skin": {
      "trimmed": false, 
      "frame": {
        "y": 129, 
        "x": 217, 
        "w": 21, 
        "h": 12
      }, 
      "rotated": false, 
      "sourceSize": {
        "h": 12, 
        "w": 21
      }, 
      "spriteSourceSize": {
        "y": 0, 
        "x": 0, 
        "w": 21, 
        "h": 12
      }
    }, 
    "hslider-thumb-down-skin": {
      "trimmed": false, 
      "frame": {
        "y": 188, 
        "x": 95, 
        "w": 13, 
        "h": 13
      }, 
      "rotated": false, 
      "sourceSize": {
        "h": 13, 
        "w": 13
      }, 
      "spriteSourceSize": {
        "y": 0, 
        "x": 0, 
        "w": 13, 
        "h": 13
      }
    }, 
    "text-input-background-disabled-skin": {
      "trimmed": false, 
      "frame": {
        "y": 29, 
        "x": 3, 
        "w": 152, 
        "h": 22
      }, 
      "rotated": false, 
      "sourceSize": {
        "h": 22, 
        "w": 152
      }, 
      "spriteSourceSize": {
        "y": 0, 
        "x": 0, 
        "w": 152, 
        "h": 22
      }
    }, 
    "panel-background-skin": {
      "trimmed": false, 
      "frame": {
        "y": 221, 
        "x": 158, 
        "w": 14, 
        "h": 14
      }, 
      "rotated": false, 
      "sourceSize": {
        "h": 14, 
        "w": 14
      }, 
      "spriteSourceSize": {
        "y": 0, 
        "x": 0, 
        "w": 14, 
        "h": 14
      }
    }, 
    "header-background-skin": {
      "trimmed": false, 
      "frame": {
        "y": 62, 
        "x": 27, 
        "w": 4, 
        "h": 30
      }, 
      "rotated": false, 
      "sourceSize": {
        "h": 30, 
        "w": 4
      }, 
      "spriteSourceSize": {
        "y": 0, 
        "x": 0, 
        "w": 4, 
        "h": 30
      }
    }, 
    "check-hover-icon": {
      "trimmed": false, 
      "frame": {
        "y": 205, 
        "x": 212, 
        "w": 14, 
        "h": 14
      }, 
      "rotated": false, 
      "sourceSize": {
        "h": 14, 
        "w": 14
      }, 
      "spriteSourceSize": {
        "y": 0, 
        "x": 0, 
        "w": 14, 
        "h": 14
      }
    }, 
    "progress-bar-fill-skin": {
      "trimmed": false, 
      "frame": {
        "y": 88, 
        "x": 62, 
        "w": 4, 
        "h": 4
      }, 
      "rotated": false, 
      "sourceSize": {
        "h": 4, 
        "w": 4
      }, 
      "spriteSourceSize": {
        "y": 0, 
        "x": 0, 
        "w": 4, 
        "h": 4
      }
    }, 
    "page-indicator-normal-skin": {
      "trimmed": false, 
      "frame": {
        "y": 15, 
        "x": 245, 
        "w": 8, 
        "h": 8
      }, 
      "rotated": false, 
      "sourceSize": {
        "h": 8, 
        "w": 8
      }, 
      "spriteSourceSize": {
        "y": 0, 
        "x": 0, 
        "w": 8, 
        "h": 8
      }
    }, 
    "check-selected-hover-icon": {
      "trimmed": false, 
      "frame": {
        "y": 223, 
        "x": 176, 
        "w": 14, 
        "h": 14
      }, 
      "rotated": false, 
      "sourceSize": {
        "h": 14, 
        "w": 14
      }, 
      "spriteSourceSize": {
        "y": 0, 
        "x": 0, 
        "w": 14, 
        "h": 14
      }
    }, 
    "tab-down-skin": {
      "trimmed": false, 
      "frame": {
        "y": 196, 
        "x": 20, 
        "w": 63, 
        "h": 22
      }, 
      "rotated": false, 
      "sourceSize": {
        "h": 22, 
        "w": 63
      }, 
      "spriteSourceSize": {
        "y": 0, 
        "x": 0, 
        "w": 63, 
        "h": 22
      }
    }, 
    "tab-selected-disabled-skin": {
      "trimmed": false, 
      "frame": {
        "y": 170, 
        "x": 20, 
        "w": 63, 
        "h": 22
      }, 
      "rotated": false, 
      "sourceSize": {
        "h": 22, 
        "w": 63
      }, 
      "spriteSourceSize": {
        "y": 0, 
        "x": 0, 
        "w": 63, 
        "h": 22
      }
    }, 
    "horizontal-scroll-bar-step-button-up-skin": {
      "trimmed": false, 
      "frame": {
        "y": 96, 
        "x": 27, 
        "w": 14, 
        "h": 15
      }, 
      "rotated": false, 
      "sourceSize": {
        "h": 15, 
        "w": 14
      }, 
      "spriteSourceSize": {
        "y": 0, 
        "x": 0, 
        "w": 14, 
        "h": 15
      }
    }, 
    "numeric-stepper-increment-button-disabled-skin": {
      "trimmed": false, 
      "frame": {
        "y": 113, 
        "x": 192, 
        "w": 21, 
        "h": 12
      }, 
      "rotated": false, 
      "sourceSize": {
        "h": 12, 
        "w": 21
      }, 
      "spriteSourceSize": {
        "y": 0, 
        "x": 0, 
        "w": 21, 
        "h": 12
      }
    }, 
    "numeric-stepper-increment-button-down-skin": {
      "trimmed": false, 
      "frame": {
        "y": 120, 
        "x": 96, 
        "w": 21, 
        "h": 12
      }, 
      "rotated": false, 
      "sourceSize": {
        "h": 12, 
        "w": 21
      }, 
      "spriteSourceSize": {
        "y": 0, 
        "x": 0, 
        "w": 21, 
        "h": 12
      }
    }, 
    "list-accessory-drill-down-icon": {
      "trimmed": false, 
      "frame": {
        "y": 174, 
        "x": 87, 
        "w": 4, 
        "h": 8
      }, 
      "rotated": false, 
      "sourceSize": {
        "h": 8, 
        "w": 4
      }, 
      "spriteSourceSize": {
        "y": 0, 
        "x": 0, 
        "w": 4, 
        "h": 8
      }
    }, 
    "button-selected-up-skin": {
      "trimmed": false, 
      "frame": {
        "y": 55, 
        "x": 129, 
        "w": 64, 
        "h": 22
      }, 
      "rotated": false, 
      "sourceSize": {
        "h": 22, 
        "w": 64
      }, 
      "spriteSourceSize": {
        "y": 0, 
        "x": 0, 
        "w": 64, 
        "h": 22
      }
    }, 
    "radio-selected-hover-icon": {
      "trimmed": false, 
      "frame": {
        "y": 222, 
        "x": 94, 
        "w": 14, 
        "h": 14
      }, 
      "rotated": false, 
      "sourceSize": {
        "h": 14, 
        "w": 14
      }, 
      "spriteSourceSize": {
        "y": 0, 
        "x": 0, 
        "w": 14, 
        "h": 14
      }
    }, 
    "check-down-icon": {
      "trimmed": false, 
      "frame": {
        "y": 205, 
        "x": 230, 
        "w": 14, 
        "h": 14
      }, 
      "rotated": false, 
      "sourceSize": {
        "h": 14, 
        "w": 14
      }, 
      "spriteSourceSize": {
        "y": 0, 
        "x": 0, 
        "w": 14, 
        "h": 14
      }
    }, 
    "tab-hover-skin": {
      "trimmed": false, 
      "frame": {
        "y": 159, 
        "x": 115, 
        "w": 63, 
        "h": 22
      }, 
      "rotated": false, 
      "sourceSize": {
        "h": 22, 
        "w": 63
      }, 
      "spriteSourceSize": {
        "y": 0, 
        "x": 0, 
        "w": 63, 
        "h": 22
      }
    }, 
    "tab-disabled-skin": {
      "trimmed": false, 
      "frame": {
        "y": 179, 
        "x": 182, 
        "w": 63, 
        "h": 22
      }, 
      "rotated": false, 
      "sourceSize": {
        "h": 22, 
        "w": 63
      }, 
      "spriteSourceSize": {
        "y": 0, 
        "x": 0, 
        "w": 63, 
        "h": 22
      }
    }, 
    "horizontal-scroll-bar-step-button-down-skin": {
      "trimmed": false, 
      "frame": {
        "y": 96, 
        "x": 63, 
        "w": 14, 
        "h": 15
      }, 
      "rotated": false, 
      "sourceSize": {
        "h": 15, 
        "w": 14
      }, 
      "spriteSourceSize": {
        "y": 0, 
        "x": 0, 
        "w": 14, 
        "h": 15
      }
    }, 
    "vslider-thumb-up-skin": {
      "trimmed": false, 
      "frame": {
        "y": 240, 
        "x": 20, 
        "w": 13, 
        "h": 13
      }, 
      "rotated": false, 
      "sourceSize": {
        "h": 13, 
        "w": 13
      }, 
      "spriteSourceSize": {
        "y": 0, 
        "x": 0, 
        "w": 13, 
        "h": 13
      }
    }, 
    "radio-selected-up-icon": {
      "trimmed": false, 
      "frame": {
        "y": 222, 
        "x": 76, 
        "w": 14, 
        "h": 14
      }, 
      "rotated": false, 
      "sourceSize": {
        "h": 14, 
        "w": 14
      }, 
      "spriteSourceSize": {
        "y": 0, 
        "x": 0, 
        "w": 14, 
        "h": 14
      }
    }, 
    "vslider-thumb-down-skin": {
      "trimmed": false, 
      "frame": {
        "y": 240, 
        "x": 54, 
        "w": 13, 
        "h": 13
      }, 
      "rotated": false, 
      "sourceSize": {
        "h": 13, 
        "w": 13
      }, 
      "spriteSourceSize": {
        "y": 0, 
        "x": 0, 
        "w": 13, 
        "h": 13
      }
    }, 
    "grouped-list-header-background-skin": {
      "trimmed": false, 
      "frame": {
        "y": 62, 
        "x": 35, 
        "w": 4, 
        "h": 30
      }, 
      "rotated": false, 
      "sourceSize": {
        "h": 30, 
        "w": 4
      }, 
      "spriteSourceSize": {
        "y": 0, 
        "x": 0, 
        "w": 4, 
        "h": 30
      }
    }, 
    "vertical-scroll-bar-thumb-up-skin": {
      "trimmed": false, 
      "frame": {
        "y": 145, 
        "x": 3, 
        "w": 13, 
        "h": 52
      }, 
      "rotated": false, 
      "sourceSize": {
        "h": 52, 
        "w": 13
      }, 
      "spriteSourceSize": {
        "y": 0, 
        "x": 0, 
        "w": 13, 
        "h": 52
      }
    }, 
    "check-selected-down-icon": {
      "trimmed": false, 
      "frame": {
        "y": 205, 
        "x": 194, 
        "w": 14, 
        "h": 14
      }, 
      "rotated": false, 
      "sourceSize": {
        "h": 14, 
        "w": 14
      }, 
      "spriteSourceSize": {
        "y": 0, 
        "x": 0, 
        "w": 14, 
        "h": 14
      }
    }, 
    "vertical-scroll-bar-decrement-button-icon": {
      "trimmed": false, 
      "frame": {
        "y": 44, 
        "x": 245, 
        "w": 7, 
        "h": 4
      }, 
      "rotated": false, 
      "sourceSize": {
        "h": 4, 
        "w": 7
      }, 
      "spriteSourceSize": {
        "y": 0, 
        "x": 0, 
        "w": 7, 
        "h": 4
      }
    }, 
    "page-indicator-selected-skin": {
      "trimmed": false, 
      "frame": {
        "y": 3, 
        "x": 245, 
        "w": 8, 
        "h": 8
      }, 
      "rotated": false, 
      "sourceSize": {
        "h": 8, 
        "w": 8
      }, 
      "spriteSourceSize": {
        "y": 0, 
        "x": 0, 
        "w": 8, 
        "h": 8
      }
    }, 
    "radio-hover-icon": {
      "trimmed": false, 
      "frame": {
        "y": 237, 
        "x": 122, 
        "w": 14, 
        "h": 14
      }, 
      "rotated": false, 
      "sourceSize": {
        "h": 14, 
        "w": 14
      }, 
      "spriteSourceSize": {
        "y": 0, 
        "x": 0, 
        "w": 14, 
        "h": 14
      }
    }, 
    "picker-list-disabled-icon": {
      "trimmed": false, 
      "frame": {
        "y": 223, 
        "x": 140, 
        "w": 14, 
        "h": 14
      }, 
      "rotated": false, 
      "sourceSize": {
        "h": 14, 
        "w": 14
      }, 
      "spriteSourceSize": {
        "y": 0, 
        "x": 0, 
        "w": 14, 
        "h": 14
      }
    }, 
    "horizontal-scroll-bar-step-button-disabled-skin": {
      "trimmed": false, 
      "frame": {
        "y": 96, 
        "x": 81, 
        "w": 14, 
        "h": 15
      }, 
      "rotated": false, 
      "sourceSize": {
        "h": 15, 
        "w": 14
      }, 
      "spriteSourceSize": {
        "y": 0, 
        "x": 0, 
        "w": 14, 
        "h": 15
      }
    }, 
    "radio-selected-disabled-icon": {
      "trimmed": false, 
      "frame": {
        "y": 219, 
        "x": 112, 
        "w": 14, 
        "h": 14
      }, 
      "rotated": false, 
      "sourceSize": {
        "h": 14, 
        "w": 14
      }, 
      "spriteSourceSize": {
        "y": 0, 
        "x": 0, 
        "w": 14, 
        "h": 14
      }
    }, 
    "vertical-scroll-bar-thumb-hover-skin": {
      "trimmed": false, 
      "frame": {
        "y": 201, 
        "x": 3, 
        "w": 13, 
        "h": 52
      }, 
      "rotated": false, 
      "sourceSize": {
        "h": 52, 
        "w": 13
      }, 
      "spriteSourceSize": {
        "y": 0, 
        "x": 0, 
        "w": 13, 
        "h": 52
      }
    }, 
    "vertical-scroll-bar-step-button-down-skin": {
      "trimmed": false, 
      "frame": {
        "y": 222, 
        "x": 20, 
        "w": 15, 
        "h": 14
      }, 
      "rotated": false, 
      "sourceSize": {
        "h": 14, 
        "w": 15
      }, 
      "spriteSourceSize": {
        "y": 0, 
        "x": 0, 
        "w": 15, 
        "h": 14
      }
    }, 
    "check-up-icon": {
      "trimmed": false, 
      "frame": {
        "y": 239, 
        "x": 158, 
        "w": 14, 
        "h": 14
      }, 
      "rotated": false, 
      "sourceSize": {
        "h": 14, 
        "w": 14
      }, 
      "spriteSourceSize": {
        "y": 0, 
        "x": 0, 
        "w": 14, 
        "h": 14
      }
    }, 
    "vertical-scroll-bar-track-skin": {
      "trimmed": false, 
      "frame": {
        "y": 88, 
        "x": 43, 
        "w": 15, 
        "h": 4
      }, 
      "rotated": false, 
      "sourceSize": {
        "h": 4, 
        "w": 15
      }, 
      "spriteSourceSize": {
        "y": 0, 
        "x": 0, 
        "w": 15, 
        "h": 4
      }
    }, 
    "button-selected-down-skin": {
      "trimmed": false, 
      "frame": {
        "y": 107, 
        "x": 124, 
        "w": 64, 
        "h": 22
      }, 
      "rotated": false, 
      "sourceSize": {
        "h": 22, 
        "w": 64
      }, 
      "spriteSourceSize": {
        "y": 0, 
        "x": 0, 
        "w": 64, 
        "h": 22
      }
    }, 
    "vertical-scroll-bar-step-button-hover-skin": {
      "trimmed": false, 
      "frame": {
        "y": 170, 
        "x": 95, 
        "w": 15, 
        "h": 14
      }, 
      "rotated": false, 
      "sourceSize": {
        "h": 14, 
        "w": 15
      }, 
      "spriteSourceSize": {
        "y": 0, 
        "x": 0, 
        "w": 15, 
        "h": 14
      }
    }, 
    "horizontal-scroll-bar-step-button-hover-skin": {
      "trimmed": false, 
      "frame": {
        "y": 96, 
        "x": 45, 
        "w": 14, 
        "h": 15
      }, 
      "rotated": false, 
      "sourceSize": {
        "h": 15, 
        "w": 14
      }, 
      "spriteSourceSize": {
        "y": 0, 
        "x": 0, 
        "w": 14, 
        "h": 15
      }
    }, 
    "horizontal-scroll-bar-track-skin": {
      "trimmed": false, 
      "frame": {
        "y": 155, 
        "x": 87, 
        "w": 4, 
        "h": 15
      }, 
      "rotated": false, 
      "sourceSize": {
        "h": 15, 
        "w": 4
      }, 
      "spriteSourceSize": {
        "y": 0, 
        "x": 0, 
        "w": 4, 
        "h": 15
      }
    }, 
    "picker-list-up-icon": {
      "trimmed": false, 
      "frame": {
        "y": 185, 
        "x": 150, 
        "w": 14, 
        "h": 14
      }, 
      "rotated": false, 
      "sourceSize": {
        "h": 14, 
        "w": 14
      }, 
      "spriteSourceSize": {
        "y": 0, 
        "x": 0, 
        "w": 14, 
        "h": 14
      }
    }, 
    "radio-down-icon": {
      "trimmed": false, 
      "frame": {
        "y": 205, 
        "x": 130, 
        "w": 14, 
        "h": 14
      }, 
      "rotated": false, 
      "sourceSize": {
        "h": 14, 
        "w": 14
      }, 
      "spriteSourceSize": {
        "y": 0, 
        "x": 0, 
        "w": 14, 
        "h": 14
      }
    }, 
    "horizontal-scroll-bar-thumb-icon": {
      "trimmed": false, 
      "frame": {
        "y": 27, 
        "x": 245, 
        "w": 7, 
        "h": 5
      }, 
      "rotated": false, 
      "sourceSize": {
        "h": 5, 
        "w": 7
      }, 
      "spriteSourceSize": {
        "y": 0, 
        "x": 0, 
        "w": 7, 
        "h": 5
      }
    }, 
    "check-selected-up-icon": {
      "trimmed": false, 
      "frame": {
        "y": 205, 
        "x": 176, 
        "w": 14, 
        "h": 14
      }, 
      "rotated": false, 
      "sourceSize": {
        "h": 14, 
        "w": 14
      }, 
      "spriteSourceSize": {
        "y": 0, 
        "x": 0, 
        "w": 14, 
        "h": 14
      }
    }, 
    "horizontal-scroll-bar-thumb-up-skin": {
      "trimmed": false, 
      "frame": {
        "y": 62, 
        "x": 197, 
        "w": 52, 
        "h": 13
      }, 
      "rotated": false, 
      "sourceSize": {
        "h": 13, 
        "w": 52
      }, 
      "spriteSourceSize": {
        "y": 0, 
        "x": 0, 
        "w": 52, 
        "h": 13
      }
    }, 
    "picker-list-hover-icon": {
      "trimmed": false, 
      "frame": {
        "y": 203, 
        "x": 148, 
        "w": 14, 
        "h": 14
      }, 
      "rotated": false, 
      "sourceSize": {
        "h": 14, 
        "w": 14
      }, 
      "spriteSourceSize": {
        "y": 0, 
        "x": 0, 
        "w": 14, 
        "h": 14
      }
    }, 
    "radio-disabled-icon": {
      "trimmed": false, 
      "frame": {
        "y": 185, 
        "x": 132, 
        "w": 14, 
        "h": 14
      }, 
      "rotated": false, 
      "sourceSize": {
        "h": 14, 
        "w": 14
      }, 
      "spriteSourceSize": {
        "y": 0, 
        "x": 0, 
        "w": 14, 
        "h": 14
      }
    }, 
    "numeric-stepper-increment-button-up-skin": {
      "trimmed": false, 
      "frame": {
        "y": 88, 
        "x": 99, 
        "w": 21, 
        "h": 12
      }, 
      "rotated": false, 
      "sourceSize": {
        "h": 12, 
        "w": 21
      }, 
      "spriteSourceSize": {
        "y": 0, 
        "x": 0, 
        "w": 21, 
        "h": 12
      }
    }, 
    "horizontal-scroll-bar-thumb-down-skin": {
      "trimmed": false, 
      "frame": {
        "y": 96, 
        "x": 197, 
        "w": 52, 
        "h": 13
      }, 
      "rotated": false, 
      "sourceSize": {
        "h": 13, 
        "w": 52
      }, 
      "spriteSourceSize": {
        "y": 0, 
        "x": 0, 
        "w": 52, 
        "h": 13
      }
    }, 
    "tab-up-skin": {
      "trimmed": false, 
      "frame": {
        "y": 153, 
        "x": 189, 
        "w": 63, 
        "h": 22
      }, 
      "rotated": false, 
      "sourceSize": {
        "h": 22, 
        "w": 63
      }, 
      "spriteSourceSize": {
        "y": 0, 
        "x": 0, 
        "w": 63, 
        "h": 22
      }
    }, 
    "button-disabled-skin": {
      "trimmed": false, 
      "frame": {
        "y": 62, 
        "x": 43, 
        "w": 82, 
        "h": 22
      }, 
      "rotated": false, 
      "sourceSize": {
        "h": 22, 
        "w": 82
      }, 
      "spriteSourceSize": {
        "y": 0, 
        "x": 0, 
        "w": 82, 
        "h": 22
      }
    }, 
    "vslider-thumb-disabled-skin": {
      "trimmed": false, 
      "frame": {
        "y": 240, 
        "x": 71, 
        "w": 13, 
        "h": 13
      }, 
      "rotated": false, 
      "sourceSize": {
        "h": 13, 
        "w": 13
      }, 
      "spriteSourceSize": {
        "y": 0, 
        "x": 0, 
        "w": 13, 
        "h": 13
      }
    }, 
    "picker-list-down-icon": {
      "trimmed": false, 
      "frame": {
        "y": 203, 
        "x": 148, 
        "w": 14, 
        "h": 14
      }, 
      "rotated": false, 
      "sourceSize": {
        "h": 14, 
        "w": 14
      }, 
      "spriteSourceSize": {
        "y": 0, 
        "x": 0, 
        "w": 14, 
        "h": 14
      }
    }, 
    "hslider-thumb-disabled-skin": {
      "trimmed": false, 
      "frame": {
        "y": 240, 
        "x": 105, 
        "w": 13, 
        "h": 13
      }, 
      "rotated": false, 
      "sourceSize": {
        "h": 13, 
        "w": 13
      }, 
      "spriteSourceSize": {
        "y": 0, 
        "x": 0, 
        "w": 13, 
        "h": 13
      }
    }, 
    "vertical-scroll-bar-step-button-disabled-skin": {
      "trimmed": false, 
      "frame": {
        "y": 222, 
        "x": 39, 
        "w": 15, 
        "h": 14
      }, 
      "rotated": false, 
      "sourceSize": {
        "h": 14, 
        "w": 15
      }, 
      "spriteSourceSize": {
        "y": 0, 
        "x": 0, 
        "w": 15, 
        "h": 14
      }
    }, 
    "check-disabled-icon": {
      "trimmed": false, 
      "frame": {
        "y": 223, 
        "x": 212, 
        "w": 14, 
        "h": 14
      }, 
      "rotated": false, 
      "sourceSize": {
        "h": 14, 
        "w": 14
      }, 
      "spriteSourceSize": {
        "y": 0, 
        "x": 0, 
        "w": 14, 
        "h": 14
      }
    }, 
    "button-up-skin": {
      "trimmed": false, 
      "frame": {
        "y": 3, 
        "x": 159, 
        "w": 82, 
        "h": 22
      }, 
      "rotated": false, 
      "sourceSize": {
        "h": 22, 
        "w": 82
      }, 
      "spriteSourceSize": {
        "y": 0, 
        "x": 0, 
        "w": 82, 
        "h": 22
      }
    }, 
    "vertical-scroll-bar-thumb-icon": {
      "trimmed": false, 
      "frame": {
        "y": 144, 
        "x": 87, 
        "w": 5, 
        "h": 7
      }, 
      "rotated": false, 
      "sourceSize": {
        "h": 7, 
        "w": 5
      }, 
      "spriteSourceSize": {
        "y": 0, 
        "x": 0, 
        "w": 5, 
        "h": 7
      }
    }, 
    "numeric-stepper-decrement-button-hover-skin": {
      "trimmed": false, 
      "frame": {
        "y": 129, 
        "x": 192, 
        "w": 21, 
        "h": 12
      }, 
      "rotated": false, 
      "sourceSize": {
        "h": 12, 
        "w": 21
      }, 
      "spriteSourceSize": {
        "y": 0, 
        "x": 0, 
        "w": 21, 
        "h": 12
      }
    }, 
    "hslider-thumb-hover-skin": {
      "trimmed": false, 
      "frame": {
        "y": 205, 
        "x": 87, 
        "w": 13, 
        "h": 13
      }, 
      "rotated": false, 
      "sourceSize": {
        "h": 13, 
        "w": 13
      }, 
      "spriteSourceSize": {
        "y": 0, 
        "x": 0, 
        "w": 13, 
        "h": 13
      }
    }, 
    "horizontal-scroll-bar-decrement-button-icon": {
      "trimmed": false, 
      "frame": {
        "y": 179, 
        "x": 249, 
        "w": 4, 
        "h": 7
      }, 
      "rotated": false, 
      "sourceSize": {
        "h": 7, 
        "w": 4
      }, 
      "spriteSourceSize": {
        "y": 0, 
        "x": 0, 
        "w": 4, 
        "h": 7
      }
    }, 
    "search-icon-disabled": {
      "trimmed": false, 
      "frame": {
        "y": 205, 
        "x": 104, 
        "w": 10, 
        "h": 10
      }, 
      "rotated": false, 
      "sourceSize": {
        "h": 10, 
        "w": 10
      }, 
      "spriteSourceSize": {
        "y": 0, 
        "x": 0, 
        "w": 10, 
        "h": 10
      }
    }, 
    "search-icon": {
      "trimmed": false, 
      "frame": {
        "y": 139, 
        "x": 242, 
        "w": 10, 
        "h": 10
      }, 
      "rotated": false, 
      "sourceSize": {
        "h": 10, 
        "w": 10
      }, 
      "spriteSourceSize": {
        "y": 0, 
        "x": 0, 
        "w": 10, 
        "h": 10
      }
    }, 
    "button-down-skin": {
      "trimmed": false, 
      "frame": {
        "y": 118, 
        "x": 10, 
        "w": 82, 
        "h": 22
      }, 
      "rotated": false, 
      "sourceSize": {
        "h": 22, 
        "w": 82
      }, 
      "spriteSourceSize": {
        "y": 0, 
        "x": 0, 
        "w": 82, 
        "h": 22
      }
    }, 
    "hslider-thumb-up-skin": {
      "trimmed": false, 
      "frame": {
        "y": 240, 
        "x": 88, 
        "w": 13, 
        "h": 13
      }, 
      "rotated": false, 
      "sourceSize": {
        "h": 13, 
        "w": 13
      }, 
      "spriteSourceSize": {
        "y": 0, 
        "x": 0, 
        "w": 13, 
        "h": 13
      }
    }, 
    "tab-selected-up-skin": {
      "trimmed": false, 
      "frame": {
        "y": 144, 
        "x": 20, 
        "w": 63, 
        "h": 22
      }, 
      "rotated": false, 
      "sourceSize": {
        "h": 22, 
        "w": 63
      }, 
      "spriteSourceSize": {
        "y": 0, 
        "x": 0, 
        "w": 63, 
        "h": 22
      }
    }, 
    "horizontal-scroll-bar-increment-button-icon": {
      "trimmed": false, 
      "frame": {
        "y": 186, 
        "x": 87, 
        "w": 4, 
        "h": 7
      }, 
      "rotated": false, 
      "sourceSize": {
        "h": 7, 
        "w": 4
      }, 
      "spriteSourceSize": {
        "y": 0, 
        "x": 0, 
        "w": 4, 
        "h": 7
      }
    }, 
    "horizontal-scroll-bar-thumb-hover-skin": {
      "trimmed": false, 
      "frame": {
        "y": 79, 
        "x": 197, 
        "w": 52, 
        "h": 13
      }, 
      "rotated": false, 
      "sourceSize": {
        "h": 13, 
        "w": 52
      }, 
      "spriteSourceSize": {
        "y": 0, 
        "x": 0, 
        "w": 52, 
        "h": 13
      }
    }, 
    "item-renderer-selected-up-skin": {
      "trimmed": false, 
      "frame": {
        "y": 88, 
        "x": 78, 
        "w": 4, 
        "h": 4
      }, 
      "rotated": false, 
      "sourceSize": {
        "h": 4, 
        "w": 4
      }, 
      "spriteSourceSize": {
        "y": 0, 
        "x": 0, 
        "w": 4, 
        "h": 4
      }
    }, 
    "vertical-scroll-bar-thumb-down-skin": {
      "trimmed": false, 
      "frame": {
        "y": 62, 
        "x": 10, 
        "w": 13, 
        "h": 52
      }, 
      "rotated": false, 
      "sourceSize": {
        "h": 52, 
        "w": 13
      }, 
      "spriteSourceSize": {
        "y": 0, 
        "x": 0, 
        "w": 13, 
        "h": 52
      }
    }, 
    "numeric-stepper-increment-button-hover-skin": {
      "trimmed": false, 
      "frame": {
        "y": 104, 
        "x": 99, 
        "w": 21, 
        "h": 12
      }, 
      "rotated": false, 
      "sourceSize": {
        "h": 12, 
        "w": 21
      }, 
      "spriteSourceSize": {
        "y": 0, 
        "x": 0, 
        "w": 21, 
        "h": 12
      }
    }, 
    "button-hover-skin": {
      "trimmed": false, 
      "frame": {
        "y": 29, 
        "x": 159, 
        "w": 82, 
        "h": 22
      }, 
      "rotated": false, 
      "sourceSize": {
        "h": 22, 
        "w": 82
      }, 
      "spriteSourceSize": {
        "y": 0, 
        "x": 0, 
        "w": 82, 
        "h": 22
      }
    }, 
    "radio-selected-down-icon": {
      "trimmed": false, 
      "frame": {
        "y": 185, 
        "x": 114, 
        "w": 14, 
        "h": 14
      }, 
      "rotated": false, 
      "sourceSize": {
        "h": 14, 
        "w": 14
      }, 
      "spriteSourceSize": {
        "y": 0, 
        "x": 0, 
        "w": 14, 
        "h": 14
      }
    }, 
    "button-selected-disabled-skin": {
      "trimmed": false, 
      "frame": {
        "y": 133, 
        "x": 121, 
        "w": 64, 
        "h": 22
      }, 
      "rotated": false, 
      "sourceSize": {
        "h": 22, 
        "w": 64
      }, 
      "spriteSourceSize": {
        "y": 0, 
        "x": 0, 
        "w": 64, 
        "h": 22
      }
    }, 
    "button-selected-hover-skin": {
      "trimmed": false, 
      "frame": {
        "y": 81, 
        "x": 129, 
        "w": 64, 
        "h": 22
      }, 
      "rotated": false, 
      "sourceSize": {
        "h": 22, 
        "w": 64
      }, 
      "spriteSourceSize": {
        "y": 0, 
        "x": 0, 
        "w": 64, 
        "h": 22
      }
    }, 
    "focus-indicator-skin": {
      "trimmed": false, 
      "frame": {
        "y": 113, 
        "x": 242, 
        "w": 11, 
        "h": 22
      }, 
      "rotated": false, 
      "sourceSize": {
        "h": 22, 
        "w": 11
      }, 
      "spriteSourceSize": {
        "y": 0, 
        "x": 0, 
        "w": 11, 
        "h": 22
      }
    }, 
    "radio-up-icon": {
      "trimmed": false, 
      "frame": {
        "y": 222, 
        "x": 58, 
        "w": 14, 
        "h": 14
      }, 
      "rotated": false, 
      "sourceSize": {
        "h": 14, 
        "w": 14
      }, 
      "spriteSourceSize": {
        "y": 0, 
        "x": 0, 
        "w": 14, 
        "h": 14
      }
    }, 
    "hslider-track-skin": {
      "trimmed": false, 
      "frame": {
        "y": 55, 
        "x": 3, 
        "w": 79, 
        "h": 3
      }, 
      "rotated": false, 
      "sourceSize": {
        "h": 3, 
        "w": 79
      }, 
      "spriteSourceSize": {
        "y": 0, 
        "x": 0, 
        "w": 79, 
        "h": 3
      }
    }, 
    "numeric-stepper-decrement-button-up-skin": {
      "trimmed": false, 
      "frame": {
        "y": 113, 
        "x": 217, 
        "w": 21, 
        "h": 12
      }, 
      "rotated": false, 
      "sourceSize": {
        "h": 12, 
        "w": 21
      }, 
      "spriteSourceSize": {
        "y": 0, 
        "x": 0, 
        "w": 21, 
        "h": 12
      }
    }, 
    "item-renderer-hover-skin": {
      "trimmed": false, 
      "frame": {
        "y": 88, 
        "x": 86, 
        "w": 4, 
        "h": 4
      }, 
      "rotated": false, 
      "sourceSize": {
        "h": 4, 
        "w": 4
      }, 
      "spriteSourceSize": {
        "y": 0, 
        "x": 0, 
        "w": 4, 
        "h": 4
      }
    }
  }, 
  "meta": {
    "image": "aeon_desktop.png", 
    "version": "1.0", 
    "size": {
      "h": 256, 
      "w": 256
    }
  }
}