{
"frames": {
	"audio00.png": {
		"frame": {"x":183, "y":696, "w":61, "h":59},
		"spriteSourceSize": {"x":528,"y":197,"w":974,"h":524},
		"sourceSize": {"w":974,"h":524}
	},
	"balao00.png": {
		"frame": {"x":0, "y":161, "w":338, "h":139},
		"spriteSourceSize": {"x":264,"y":166,"w":974,"h":524},
		"sourceSize": {"w":974,"h":524}
	},
	"balao01.png": {
		"frame": {"x":0, "y":0, "w":374, "h":159},
		"spriteSourceSize": {"x":353,"y":140,"w":974,"h":524},
		"sourceSize": {"w":974,"h":524}
	},
	"boca00.png": {
		"frame": {"x":183, "y":757, "w":20, "h":19},
		"spriteSourceSize": {"x":185,"y":298,"w":974,"h":524},
		"sourceSize": {"w":974,"h":524}
	},
	"boca01.png": {
		"frame": {"x":183, "y":757, "w":20, "h":19},
		"spriteSourceSize": {"x":786,"y":298,"w":974,"h":524},
		"sourceSize": {"w":974,"h":524}
	},
	"img00.png": {
		"frame": {"x":0, "y":396, "w":188, "h":298},
		"spriteSourceSize": {"x":102,"y":224,"w":974,"h":524},
		"sourceSize": {"w":974,"h":524}
	},
	"img01.png": {
		"frame": {"x":0, "y":696, "w":181, "h":313},
		"spriteSourceSize": {"x":705,"y":211,"w":974,"h":524},
		"sourceSize": {"w":974,"h":524}
	},
	"img02.png": {
		"frame": {"x":0, "y":302, "w":252, "h":92},
		"spriteSourceSize": {"x":381,"y":126,"w":974,"h":524},
		"sourceSize": {"w":974,"h":524}
	}

},
"meta": {
	"image": "sprites.png",
	"size": {"w": 512, "h": 1024},
	"scale": "1"
}
}