{
"frames": {
	"audio01.png": {
		"frame": {"x":0, "y":748, "w":61, "h":59},
		"spriteSourceSize": {"x":456,"y":152,"w":974,"h":524},
		"sourceSize": {"w":974,"h":524}
	},
	"balao00.png": {
		"frame": {"x":0, "y":585, "w":311, "h":161},
		"spriteSourceSize": {"x":268,"y":60,"w":974,"h":524},
		"sourceSize": {"w":974,"h":524}
	},
	"balao01.png": {
		"frame": {"x":0, "y":420, "w":311, "h":163},
		"spriteSourceSize": {"x":268,"y":44,"w":974,"h":524},
		"sourceSize": {"w":974,"h":524}
	},
	"balao02.png": {
		"frame": {"x":0, "y":824, "w":216, "h":188},
		"spriteSourceSize": {"x":281,"y":30,"w":974,"h":524},
		"sourceSize": {"w":974,"h":524}
	},
	"balao03.png": {
		"frame": {"x":0, "y":809, "w":1, "h":1},
		"spriteSourceSize": {"x":215,"y":219,"w":974,"h":524},
		"sourceSize": {"w":974,"h":524}
	},
	"balao04.png": {
		"frame": {"x":0, "y":809, "w":1, "h":1},
		"spriteSourceSize": {"x":215,"y":219,"w":974,"h":524},
		"sourceSize": {"w":974,"h":524}
	},
	"boca00.png": {
		"frame": {"x":126, "y":748, "w":30, "h":28},
		"spriteSourceSize": {"x":158,"y":229,"w":974,"h":524},
		"sourceSize": {"w":974,"h":524}
	},
	"click00.png": {
		"frame": {"x":63, "y":748, "w":61, "h":60},
		"spriteSourceSize": {"x":644,"y":314,"w":974,"h":524},
		"sourceSize": {"w":974,"h":524}
	},
	"img00.png": {
		"frame": {"x":313, "y":420, "w":223, "h":402},
		"spriteSourceSize": {"x":64,"y":120,"w":974,"h":524},
		"sourceSize": {"w":974,"h":524}
	},
	"img01.png": {
		"frame": {"x":0, "y":0, "w":347, "h":418},
		"spriteSourceSize": {"x":561,"y":46,"w":974,"h":524},
		"sourceSize": {"w":974,"h":524}
	}

},
"meta": {
	"image": "sprites.png",
	"size": {"w": 1024, "h": 1024},
	"scale": "1"
}
}