{
"frames": {
	"audio00.png": {
		"frame": {"x":0, "y":938, "w":61, "h":59},
		"spriteSourceSize": {"x":254,"y":98,"w":974,"h":524},
		"sourceSize": {"w":974,"h":524}
	},
	"balao00.png": {
		"frame": {"x":0, "y":167, "w":240, "h":159},
		"spriteSourceSize": {"x":88,"y":74,"w":974,"h":524},
		"sourceSize": {"w":974,"h":524}
	},
	"balao01.png": {
		"frame": {"x":0, "y":469, "w":210, "h":174},
		"spriteSourceSize": {"x":427,"y":65,"w":974,"h":524},
		"sourceSize": {"w":974,"h":524}
	},
	"balao02.png": {
		"frame": {"x":173, "y":645, "w":169, "h":135},
		"spriteSourceSize": {"x":468,"y":79,"w":974,"h":524},
		"sourceSize": {"w":974,"h":524}
	},
	"balao03.png": {
		"frame": {"x":0, "y":328, "w":218, "h":139},
		"spriteSourceSize": {"x":705,"y":86,"w":974,"h":524},
		"sourceSize": {"w":974,"h":524}
	},
	"balao04.png": {
		"frame": {"x":0, "y":0, "w":255, "h":165},
		"spriteSourceSize": {"x":390,"y":65,"w":974,"h":524},
		"sourceSize": {"w":974,"h":524}
	},
	"boca00.png": {
		"frame": {"x":0, "y":999, "w":20, "h":19},
		"spriteSourceSize": {"x":222,"y":282,"w":974,"h":524},
		"sourceSize": {"w":974,"h":524}
	},
	"boca01.png": {
		"frame": {"x":0, "y":999, "w":20, "h":19},
		"spriteSourceSize": {"x":601,"y":268,"w":974,"h":524},
		"sourceSize": {"w":974,"h":524}
	},
	"boca02.png": {
		"frame": {"x":0, "y":999, "w":20, "h":19},
		"spriteSourceSize": {"x":735,"y":252,"w":974,"h":524},
		"sourceSize": {"w":974,"h":524}
	},
	"img00.png": {
		"frame": {"x":0, "y":645, "w":171, "h":291},
		"spriteSourceSize": {"x":153,"y":209,"w":974,"h":524},
		"sourceSize": {"w":974,"h":524}
	},
	"img01.png": {
		"frame": {"x":257, "y":0, "w":125, "h":261},
		"spriteSourceSize": {"x":680,"y":198,"w":974,"h":524},
		"sourceSize": {"w":974,"h":524}
	},
	"img02.png": {
		"frame": {"x":220, "y":328, "w":154, "h":257},
		"spriteSourceSize": {"x":535,"y":209,"w":974,"h":524},
		"sourceSize": {"w":974,"h":524}
	}

},
"meta": {
	"image": "sprites.png",
	"size": {"w": 512, "h": 1024},
	"scale": "1"
}
}