{
"frames": {
	"1.png": {
		"frame": {"x":61, "y":52, "w":59, "h":50},
		"spriteSourceSize": {"x":0,"y":0,"w":59,"h":50},
		"sourceSize": {"w":59,"h":50}
	},
	"10.png": {
		"frame": {"x":0, "y":52, "w":59, "h":50},
		"spriteSourceSize": {"x":0,"y":0,"w":59,"h":50},
		"sourceSize": {"w":59,"h":50}
	},
	"11.png": {
		"frame": {"x":0, "y":0, "w":59, "h":50},
		"spriteSourceSize": {"x":0,"y":0,"w":59,"h":50},
		"sourceSize": {"w":59,"h":50}
	},
	"2.png": {
		"frame": {"x":122, "y":52, "w":59, "h":50},
		"spriteSourceSize": {"x":0,"y":0,"w":59,"h":50},
		"sourceSize": {"w":59,"h":50}
	},
	"3.png": {
		"frame": {"x":122, "y":0, "w":59, "h":50},
		"spriteSourceSize": {"x":0,"y":0,"w":59,"h":50},
		"sourceSize": {"w":59,"h":50}
	},
	"4.png": {
		"frame": {"x":61, "y":156, "w":59, "h":50},
		"spriteSourceSize": {"x":0,"y":0,"w":59,"h":50},
		"sourceSize": {"w":59,"h":50}
	},
	"5.png": {
		"frame": {"x":61, "y":104, "w":59, "h":50},
		"spriteSourceSize": {"x":0,"y":0,"w":59,"h":50},
		"sourceSize": {"w":59,"h":50}
	},
	"6.png": {
		"frame": {"x":122, "y":104, "w":59, "h":50},
		"spriteSourceSize": {"x":0,"y":0,"w":59,"h":50},
		"sourceSize": {"w":59,"h":50}
	},
	"7.png": {
		"frame": {"x":61, "y":0, "w":59, "h":50},
		"spriteSourceSize": {"x":0,"y":0,"w":59,"h":50},
		"sourceSize": {"w":59,"h":50}
	},
	"8.png": {
		"frame": {"x":0, "y":156, "w":59, "h":50},
		"spriteSourceSize": {"x":0,"y":0,"w":59,"h":50},
		"sourceSize": {"w":59,"h":50}
	},
	"9.png": {
		"frame": {"x":0, "y":104, "w":59, "h":50},
		"spriteSourceSize": {"x":0,"y":0,"w":59,"h":50},
		"sourceSize": {"w":59,"h":50}
	}

},
"meta": {
	"image": "bocaGato.png",
	"size": {"w": 256, "h": 256},
	"scale": "1"
}
}