{
"frames": {
	"cor00.png": {
		"frame": {"x":45, "y":203, "w":43, "h":47},
		"spriteSourceSize": {"x":473,"y":42,"w":587,"h":448},
		"sourceSize": {"w":587,"h":448}
	},
	"cor01.png": {
		"frame": {"x":90, "y":195, "w":42, "h":47},
		"spriteSourceSize": {"x":528,"y":42,"w":587,"h":448},
		"sourceSize": {"w":587,"h":448}
	},
	"cor02.png": {
		"frame": {"x":106, "y":146, "w":42, "h":47},
		"spriteSourceSize": {"x":474,"y":99,"w":587,"h":448},
		"sourceSize": {"w":587,"h":448}
	},
	"cor03.png": {
		"frame": {"x":0, "y":158, "w":47, "h":43},
		"spriteSourceSize": {"x":524,"y":99,"w":587,"h":448},
		"sourceSize": {"w":587,"h":448}
	},
	"cor04.png": {
		"frame": {"x":88, "y":0, "w":42, "h":47},
		"spriteSourceSize": {"x":474,"y":155,"w":587,"h":448},
		"sourceSize": {"w":587,"h":448}
	},
	"cor05.png": {
		"frame": {"x":62, "y":97, "w":43, "h":47},
		"spriteSourceSize": {"x":528,"y":154,"w":587,"h":448},
		"sourceSize": {"w":587,"h":448}
	},
	"cor06.png": {
		"frame": {"x":62, "y":146, "w":42, "h":47},
		"spriteSourceSize": {"x":474,"y":218,"w":587,"h":448},
		"sourceSize": {"w":587,"h":448}
	},
	"cor07.png": {
		"frame": {"x":0, "y":203, "w":43, "h":47},
		"spriteSourceSize": {"x":527,"y":217,"w":587,"h":448},
		"sourceSize": {"w":587,"h":448}
	},
	"eraser.png": {
		"frame": {"x":0, "y":0, "w":86, "h":95},
		"spriteSourceSize": {"x":484,"y":277,"w":587,"h":448},
		"sourceSize": {"w":587,"h":448}
	},
	"next.png": {
		"frame": {"x":0, "y":97, "w":60, "h":59},
		"spriteSourceSize": {"x":464,"y":366,"w":587,"h":448},
		"sourceSize": {"w":587,"h":448}
	}

},
"meta": {
	"image": "paint.png",
	"size": {"w": 256, "h": 256},
	"scale": "1"
}
}