{
"frames": {
	"audio00.png": {
		"frame": {"x":0, "y":548, "w":61, "h":59},
		"spriteSourceSize": {"x":540,"y":38,"w":974,"h":524},
		"sourceSize": {"w":974,"h":524}
	},
	"balao00.png": {
		"frame": {"x":0, "y":404, "w":252, "h":142},
		"spriteSourceSize": {"x":359,"y":21,"w":974,"h":524},
		"sourceSize": {"w":974,"h":524}
	},
	"boca00.png": {
		"frame": {"x":0, "y":609, "w":28, "h":26},
		"spriteSourceSize": {"x":213,"y":173,"w":974,"h":524},
		"sourceSize": {"w":974,"h":524}
	},
	"img00.png": {
		"frame": {"x":0, "y":0, "w":292, "h":402},
		"spriteSourceSize": {"x":106,"y":74,"w":974,"h":524},
		"sourceSize": {"w":974,"h":524}
	}

},
"meta": {
	"image": "sprites.png",
	"size": {"w": 512, "h": 1024},
	"scale": "1"
}
}