{
"frames": {
	"0.png": {
		"frame": {"x":43, "y":120, "w":41, "h":38},
		"spriteSourceSize": {"x":0,"y":0,"w":41,"h":38},
		"sourceSize": {"w":41,"h":38}
	},
	"1.png": {
		"frame": {"x":0, "y":120, "w":41, "h":38},
		"spriteSourceSize": {"x":0,"y":0,"w":41,"h":38},
		"sourceSize": {"w":41,"h":38}
	},
	"2.png": {
		"frame": {"x":0, "y":80, "w":41, "h":38},
		"spriteSourceSize": {"x":0,"y":0,"w":41,"h":38},
		"sourceSize": {"w":41,"h":38}
	},
	"3.png": {
		"frame": {"x":0, "y":40, "w":41, "h":38},
		"spriteSourceSize": {"x":0,"y":0,"w":41,"h":38},
		"sourceSize": {"w":41,"h":38}
	},
	"4.png": {
		"frame": {"x":0, "y":0, "w":41, "h":38},
		"spriteSourceSize": {"x":0,"y":0,"w":41,"h":38},
		"sourceSize": {"w":41,"h":38}
	},
	"5.png": {
		"frame": {"x":0, "y":160, "w":41, "h":38},
		"spriteSourceSize": {"x":0,"y":0,"w":41,"h":38},
		"sourceSize": {"w":41,"h":38}
	},
	"6.png": {
		"frame": {"x":43, "y":80, "w":41, "h":38},
		"spriteSourceSize": {"x":0,"y":0,"w":41,"h":38},
		"sourceSize": {"w":41,"h":38}
	},
	"7.png": {
		"frame": {"x":43, "y":40, "w":41, "h":38},
		"spriteSourceSize": {"x":0,"y":0,"w":41,"h":38},
		"sourceSize": {"w":41,"h":38}
	},
	"8.png": {
		"frame": {"x":43, "y":0, "w":41, "h":38},
		"spriteSourceSize": {"x":0,"y":0,"w":41,"h":38},
		"sourceSize": {"w":41,"h":38}
	},
	"9.png": {
		"frame": {"x":0, "y":200, "w":41, "h":38},
		"spriteSourceSize": {"x":0,"y":0,"w":41,"h":38},
		"sourceSize": {"w":41,"h":38}
	}

},
"meta": {
	"image": "boca.png",
	"size": {"w": 128, "h": 256},
	"scale": "1"
}
}